 INFO norm_debug: ===== snapshot 50 (OXIModel::forward) =====
 INFO norm_debug: stream -> root
 INFO norm_debug: [root] layer=- label=input.board_raw | l2=293.3455 rms=0.2443 mean=0.0781 mean_abs=0.0781 max_abs=1.0000 numel=1441792 shape=[512, 64, 44]
 INFO norm_debug: [root] layer=- label=input.globals_raw | l2=28.4078 rms=0.5125 mean=0.3975 mean_abs=0.3975 max_abs=1.0000 numel=3072 shape=[512, 6]
 INFO norm_debug: [root] layer=- label=input.board_features | l2=293.3455 rms=0.2443 mean=0.0781 mean_abs=0.0781 max_abs=1.0000 numel=1441792 shape=[512, 64, 44]
 INFO norm_debug: [root] layer=- label=input.main_features | l2=289.0222 rms=0.2525 mean=0.0833 mean_abs=0.0833 max_abs=1.0000 numel=1310720 shape=[512, 64, 40]
 INFO norm_debug: [root] layer=- label=input.recency_features | l2=50.1768 rms=0.1386 mean=0.0257 mean_abs=0.0257 max_abs=1.0000 numel=131072 shape=[512, 64, 4]
 INFO norm_debug: [root] layer=- label=embed.token_embeds | l2=692.7491 rms=0.1698 mean=0.0057 mean_abs=0.1358 max_abs=0.9127 numel=16646144 shape=[512, 64, 508]
 INFO norm_debug: [root] layer=- label=embed.global_embeds | l2=198.8928 rms=0.3900 mean=0.0147 mean_abs=0.3097 max_abs=1.3677 numel=260096 shape=[512, 1, 508]
 INFO norm_debug: [root] layer=- label=embed.position_embeddings | l2=511.3035 rms=0.1253 mean=0.0007 mean_abs=0.0998 max_abs=0.5969 numel=16646144 shape=[512, 64, 508]
 INFO norm_debug: [root] layer=- label=embed.token_normed | l2=4077.5081 rms=0.9994 mean=0.0001 mean_abs=0.8140 max_abs=3.9034 numel=16646144 shape=[512, 64, 508]
 INFO norm_debug: [root] layer=- label=embed.global_normed | l2=509.4222 rms=0.9989 mean=0.0000 mean_abs=0.8006 max_abs=2.8085 numel=260096 shape=[512, 1, 508]
 INFO norm_debug: [root] layer=- label=embed.position_normed | l2=4100.4570 rms=1.0050 mean=0.0000 mean_abs=0.8001 max_abs=4.4887 numel=16646144 shape=[512, 64, 508]
 INFO norm_debug: [root] layer=- label=embed.recency_normed | l2=134.0052 rms=0.3701 mean=-0.0001 mean_abs=0.1180 max_abs=1.7849 numel=131072 shape=[512, 64, 4]
 INFO norm_debug: [root] layer=- label=embed.gates_softmax | l2=0.6604 rms=0.3813 mean=0.3333 mean_abs=0.3333 max_abs=0.5583 numel=3 shape=[3]
 INFO norm_debug: [root] layer=- label=embed.gates_softmax | values=[0.55830145, 0.3368846, 0.104813986]
 INFO Embedding gates (softmax): token=0.558301 global=0.336885 pos=0.104814
 INFO norm_debug: [root] layer=- label=embed.combined | l2=2726.1455 rms=0.6682 mean=0.0000 mean_abs=0.5381 max_abs=2.9016 numel=16646144 shape=[512, 64, 508]
 INFO norm_debug: [root] layer=- label=encoder.input_tokens | l2=2729.4370 rms=0.6664 mean=0.0000 mean_abs=0.5349 max_abs=2.9016 numel=16777216 shape=[512, 64, 512]
 INFO norm_debug: stream -> encoder
 INFO norm_debug: -- layer 0 begin --
 INFO norm_debug: [encoder] layer=0 label=encoder.pre_block | l2=2729.4370 rms=0.6664 mean=0.0000 mean_abs=0.5349 max_abs=2.9016 numel=16777216 shape=[512, 64, 512]
 INFO norm_debug: [encoder] layer=0 label=block.input | l2=2729.4370 rms=0.6664 mean=0.0000 mean_abs=0.5349 max_abs=2.9016 numel=16777216 shape=[512, 64, 512]
 INFO norm_debug: [encoder] layer=0 label=block.norm1 | l2=4098.3389 rms=1.0006 mean=0.0001 mean_abs=0.8033 max_abs=4.4510 numel=16777216 shape=[512, 64, 512]
 INFO norm_debug: [encoder] layer=0 label=attention.input | l2=4098.3389 rms=1.0006 mean=0.0001 mean_abs=0.8033 max_abs=4.4510 numel=16777216 shape=[512, 64, 512]
 INFO norm_debug: [encoder] layer=0 label=attention.q_linear | l2=5301.0195 rms=1.2942 mean=-0.0326 mean_abs=1.0071 max_abs=5.1733 numel=16777216 shape=[512, 64, 512]
 INFO norm_debug: [encoder] layer=0 label=attention.k_linear | l2=2552.9846 rms=0.6233 mean=0.0205 mean_abs=0.4949 max_abs=2.9772 numel=16777216 shape=[512, 64, 512]
 INFO norm_debug: [encoder] layer=0 label=attention.v_linear | l2=2314.4592 rms=0.5651 mean=0.0049 mean_abs=0.4480 max_abs=3.0108 numel=16777216 shape=[512, 64, 512]
 INFO norm_debug: [encoder] layer=0 label=attention.q_heads | l2=5301.0195 rms=1.2942 mean=-0.0326 mean_abs=1.0071 max_abs=5.1733 numel=16777216 shape=[512, 8, 64, 64]
 INFO norm_debug: [encoder] layer=0 label=attention.k_heads | l2=2552.9846 rms=0.6233 mean=0.0205 mean_abs=0.4949 max_abs=2.9772 numel=16777216 shape=[512, 8, 64, 64]
 INFO norm_debug: [encoder] layer=0 label=attention.v_heads | l2=2314.4592 rms=0.5651 mean=0.0049 mean_abs=0.4480 max_abs=3.0108 numel=16777216 shape=[512, 8, 64, 64]
 INFO norm_debug: [encoder] layer=0 label=attention.q_scaled | l2=662.6274 rms=0.1618 mean=-0.0041 mean_abs=0.1259 max_abs=0.6467 numel=16777216 shape=[512, 8, 64, 64]
 INFO norm_debug: [encoder] layer=0 label=attention.attn_scores_base | l2=12414.9639 rms=3.0310 mean=-1.1453 mean_abs=1.9608 max_abs=23.4838 numel=16777216 shape=[512, 8, 64, 64]
 INFO norm_debug: [encoder] layer=0 label=attention.rel_scores | l2=371.8612 rms=0.0908 mean=-0.0001 mean_abs=0.0677 max_abs=0.7515 numel=16777216 shape=[512, 8, 64, 64]
 INFO norm_debug: [encoder] layer=0 label=attention.attn_scores_combined | l2=12423.1807 rms=3.0330 mean=-1.1454 mean_abs=1.9637 max_abs=23.5036 numel=16777216 shape=[512, 8, 64, 64]
 INFO norm_debug: [encoder] layer=0 label=attention.attn_weights | l2=151.8858 rms=0.0371 mean=0.0156 mean_abs=0.0156 max_abs=0.9982 numel=16777216 shape=[512, 8, 64, 64]
 INFO norm_debug: [encoder] layer=0 label=attention.context_v | l2=1836.2339 rms=0.4483 mean=0.0105 mean_abs=0.3480 max_abs=2.1792 numel=16777216 shape=[512, 8, 64, 64]
 INFO norm_debug: [encoder] layer=0 label=attention.context_rel_v | l2=81.7301 rms=0.0200 mean=-0.0004 mean_abs=0.0144 max_abs=0.2333 numel=16777216 shape=[512, 8, 64, 64]
 INFO norm_debug: [encoder] layer=0 label=attention.context | l2=1837.0553 rms=0.4485 mean=0.0100 mean_abs=0.3483 max_abs=2.2501 numel=16777216 shape=[512, 8, 64, 64]
 INFO norm_debug: [encoder] layer=0 label=attention.context_merged | l2=1837.0553 rms=0.4485 mean=0.0100 mean_abs=0.3483 max_abs=2.2501 numel=16777216 shape=[512, 64, 512]
 INFO norm_debug: [encoder] layer=0 label=attention.output | l2=1029.7275 rms=0.2514 mean=0.0024 mean_abs=0.2004 max_abs=1.0632 numel=16777216 shape=[512, 64, 512]
 INFO norm_debug: [encoder] layer=0 label=block.attn_out | l2=1029.7275 rms=0.2514 mean=0.0024 mean_abs=0.2004 max_abs=1.0632 numel=16777216 shape=[512, 64, 512]
 INFO norm_debug: [encoder] layer=0 label=block.post_attn | l2=2409.8291 rms=0.5883 mean=0.0024 mean_abs=0.4715 max_abs=2.7844 numel=16777216 shape=[512, 64, 512]
 INFO norm_debug: [encoder] layer=0 label=block.norm2 | l2=4094.2744 rms=0.9996 mean=0.0000 mean_abs=0.8015 max_abs=4.5245 numel=16777216 shape=[512, 64, 512]
 INFO norm_debug: [encoder] layer=0 label=mlp.input | l2=4094.2744 rms=0.9996 mean=0.0000 mean_abs=0.8015 max_abs=4.5245 numel=16777216 shape=[512, 64, 512]
 INFO norm_debug: [encoder] layer=0 label=mlp.fc1_out | l2=4629.2427 rms=0.5651 mean=-0.0354 mean_abs=0.4477 max_abs=2.9900 numel=67108864 shape=[512, 64, 2048]
 INFO norm_debug: [encoder] layer=0 label=mlp.gelu | l2=2562.1973 rms=0.3128 mean=0.0927 mean_abs=0.2118 max_abs=2.9858 numel=67108864 shape=[512, 64, 2048]
 INFO norm_debug: [encoder] layer=0 label=mlp.fc2_out | l2=979.8057 rms=0.2392 mean=0.0025 mean_abs=0.1910 max_abs=1.2358 numel=16777216 shape=[512, 64, 512]
 INFO norm_debug: [encoder] layer=0 label=block.mlp_out | l2=979.8057 rms=0.2392 mean=0.0025 mean_abs=0.1910 max_abs=1.2358 numel=16777216 shape=[512, 64, 512]
 INFO norm_debug: [encoder] layer=0 label=block.output | l2=4095.6951 rms=0.9999 mean=-0.0000 mean_abs=0.8028 max_abs=4.5994 numel=16777216 shape=[512, 64, 512]
 INFO norm_debug: [encoder] layer=0 label=encoder.post_block | l2=4095.6951 rms=0.9999 mean=-0.0000 mean_abs=0.8028 max_abs=4.5994 numel=16777216 shape=[512, 64, 512]
 INFO norm_debug: -- layer 0 end --
 INFO norm_debug: -- layer 1 begin --
 INFO norm_debug: [encoder] layer=1 label=encoder.pre_block | l2=4095.6951 rms=0.9999 mean=-0.0000 mean_abs=0.8028 max_abs=4.5994 numel=16777216 shape=[512, 64, 512]
 INFO norm_debug: [encoder] layer=1 label=block.input | l2=4095.6951 rms=0.9999 mean=-0.0000 mean_abs=0.8028 max_abs=4.5994 numel=16777216 shape=[512, 64, 512]
 INFO norm_debug: [encoder] layer=1 label=block.norm1 | l2=4098.4312 rms=1.0006 mean=0.0000 mean_abs=0.8034 max_abs=4.6014 numel=16777216 shape=[512, 64, 512]
 INFO norm_debug: [encoder] layer=1 label=attention.input | l2=4098.4312 rms=1.0006 mean=0.0000 mean_abs=0.8034 max_abs=4.6014 numel=16777216 shape=[512, 64, 512]
 INFO norm_debug: [encoder] layer=1 label=attention.q_linear | l2=3229.3713 rms=0.7884 mean=-0.0043 mean_abs=0.6290 max_abs=3.8273 numel=16777216 shape=[512, 64, 512]
 INFO norm_debug: [encoder] layer=1 label=attention.k_linear | l2=2636.8347 rms=0.6438 mean=0.0159 mean_abs=0.5137 max_abs=3.1633 numel=16777216 shape=[512, 64, 512]
 INFO norm_debug: [encoder] layer=1 label=attention.v_linear | l2=2414.9326 rms=0.5896 mean=0.0059 mean_abs=0.4697 max_abs=3.0349 numel=16777216 shape=[512, 64, 512]
 INFO norm_debug: [encoder] layer=1 label=attention.q_heads | l2=3229.3713 rms=0.7884 mean=-0.0043 mean_abs=0.6290 max_abs=3.8273 numel=16777216 shape=[512, 8, 64, 64]
 INFO norm_debug: [encoder] layer=1 label=attention.k_heads | l2=2636.8347 rms=0.6438 mean=0.0159 mean_abs=0.5137 max_abs=3.1633 numel=16777216 shape=[512, 8, 64, 64]
 INFO norm_debug: [encoder] layer=1 label=attention.v_heads | l2=2414.9326 rms=0.5896 mean=0.0059 mean_abs=0.4697 max_abs=3.0349 numel=16777216 shape=[512, 8, 64, 64]
 INFO norm_debug: [encoder] layer=1 label=attention.q_scaled | l2=403.6714 rms=0.0986 mean=-0.0005 mean_abs=0.0786 max_abs=0.4784 numel=16777216 shape=[512, 8, 64, 64]
 INFO norm_debug: [encoder] layer=1 label=attention.attn_scores_base | l2=5492.0977 rms=1.3408 mean=-0.5236 mean_abs=0.9913 max_abs=10.0612 numel=16777216 shape=[512, 8, 64, 64]
 INFO norm_debug: [encoder] layer=1 label=attention.rel_scores | l2=218.0392 rms=0.0532 mean=0.0003 mean_abs=0.0419 max_abs=0.3074 numel=16777216 shape=[512, 8, 64, 64]
 INFO norm_debug: [encoder] layer=1 label=attention.attn_scores_combined | l2=5495.3228 rms=1.3416 mean=-0.5232 mean_abs=0.9921 max_abs=10.1695 numel=16777216 shape=[512, 8, 64, 64]
 INFO norm_debug: [encoder] layer=1 label=attention.attn_weights | l2=114.9173 rms=0.0281 mean=0.0156 mean_abs=0.0156 max_abs=0.9226 numel=16777216 shape=[512, 8, 64, 64]
 INFO norm_debug: [encoder] layer=1 label=attention.context_v | l2=1424.4833 rms=0.3478 mean=-0.0003 mean_abs=0.2761 max_abs=2.1840 numel=16777216 shape=[512, 8, 64, 64]
 INFO norm_debug: [encoder] layer=1 label=attention.context_rel_v | l2=61.0408 rms=0.0149 mean=-0.0000 mean_abs=0.0109 max_abs=0.2184 numel=16777216 shape=[512, 8, 64, 64]
 INFO norm_debug: [encoder] layer=1 label=attention.context | l2=1425.4849 rms=0.3480 mean=-0.0003 mean_abs=0.2762 max_abs=2.2264 numel=16777216 shape=[512, 8, 64, 64]
 INFO norm_debug: [encoder] layer=1 label=attention.context_merged | l2=1425.4849 rms=0.3480 mean=-0.0003 mean_abs=0.2762 max_abs=2.2264 numel=16777216 shape=[512, 64, 512]
 INFO norm_debug: [encoder] layer=1 label=attention.output | l2=865.8000 rms=0.2114 mean=0.0064 mean_abs=0.1687 max_abs=1.0603 numel=16777216 shape=[512, 64, 512]
 INFO norm_debug: [encoder] layer=1 label=block.attn_out | l2=865.8000 rms=0.2114 mean=0.0064 mean_abs=0.1687 max_abs=1.0603 numel=16777216 shape=[512, 64, 512]
 INFO norm_debug: [encoder] layer=1 label=block.post_attn | l2=3952.2236 rms=0.9649 mean=0.0064 mean_abs=0.7740 max_abs=4.6182 numel=16777216 shape=[512, 64, 512]
 INFO norm_debug: [encoder] layer=1 label=block.norm2 | l2=4096.4888 rms=1.0001 mean=-0.0000 mean_abs=0.8024 max_abs=4.8955 numel=16777216 shape=[512, 64, 512]
 INFO norm_debug: [encoder] layer=1 label=mlp.input | l2=4096.4888 rms=1.0001 mean=-0.0000 mean_abs=0.8024 max_abs=4.8955 numel=16777216 shape=[512, 64, 512]
 INFO norm_debug: [encoder] layer=1 label=mlp.fc1_out | l2=4770.2461 rms=0.5823 mean=-0.0161 mean_abs=0.4643 max_abs=3.2642 numel=67108864 shape=[512, 64, 2048]
 INFO norm_debug: [encoder] layer=1 label=mlp.gelu | l2=2750.7168 rms=0.3358 mean=0.1087 mean_abs=0.2265 max_abs=3.2624 numel=67108864 shape=[512, 64, 2048]
 INFO norm_debug: [encoder] layer=1 label=mlp.fc2_out | l2=902.4821 rms=0.2203 mean=-0.0032 mean_abs=0.1758 max_abs=1.0632 numel=16777216 shape=[512, 64, 512]
 INFO norm_debug: [encoder] layer=1 label=block.mlp_out | l2=902.4821 rms=0.2203 mean=-0.0032 mean_abs=0.1758 max_abs=1.0632 numel=16777216 shape=[512, 64, 512]
 INFO norm_debug: [encoder] layer=1 label=block.output | l2=4096.1753 rms=1.0000 mean=-0.0000 mean_abs=0.8018 max_abs=5.4199 numel=16777216 shape=[512, 64, 512]
 INFO norm_debug: [encoder] layer=1 label=encoder.post_block | l2=4096.1753 rms=1.0000 mean=-0.0000 mean_abs=0.8018 max_abs=5.4199 numel=16777216 shape=[512, 64, 512]
 INFO norm_debug: -- layer 1 end --
 INFO norm_debug: -- layer 2 begin --
 INFO norm_debug: [encoder] layer=2 label=encoder.pre_block | l2=4096.1753 rms=1.0000 mean=-0.0000 mean_abs=0.8018 max_abs=5.4199 numel=16777216 shape=[512, 64, 512]
 INFO norm_debug: [encoder] layer=2 label=block.input | l2=4096.1753 rms=1.0000 mean=-0.0000 mean_abs=0.8018 max_abs=5.4199 numel=16777216 shape=[512, 64, 512]
 INFO norm_debug: [encoder] layer=2 label=block.norm1 | l2=4098.9546 rms=1.0007 mean=-0.0000 mean_abs=0.8024 max_abs=5.4359 numel=16777216 shape=[512, 64, 512]
 INFO norm_debug: [encoder] layer=2 label=attention.input | l2=4098.9546 rms=1.0007 mean=-0.0000 mean_abs=0.8024 max_abs=5.4359 numel=16777216 shape=[512, 64, 512]
 INFO norm_debug: [encoder] layer=2 label=attention.q_linear | l2=2845.5938 rms=0.6947 mean=-0.0120 mean_abs=0.5503 max_abs=3.7285 numel=16777216 shape=[512, 64, 512]
 INFO norm_debug: [encoder] layer=2 label=attention.k_linear | l2=2626.2585 rms=0.6412 mean=0.0006 mean_abs=0.5106 max_abs=3.2130 numel=16777216 shape=[512, 64, 512]
 INFO norm_debug: [encoder] layer=2 label=attention.v_linear | l2=2442.0239 rms=0.5962 mean=-0.0033 mean_abs=0.4758 max_abs=3.2873 numel=16777216 shape=[512, 64, 512]
 INFO norm_debug: [encoder] layer=2 label=attention.q_heads | l2=2845.5938 rms=0.6947 mean=-0.0120 mean_abs=0.5503 max_abs=3.7285 numel=16777216 shape=[512, 8, 64, 64]
 INFO norm_debug: [encoder] layer=2 label=attention.k_heads | l2=2626.2585 rms=0.6412 mean=0.0006 mean_abs=0.5106 max_abs=3.2130 numel=16777216 shape=[512, 8, 64, 64]
 INFO norm_debug: [encoder] layer=2 label=attention.v_heads | l2=2442.0239 rms=0.5962 mean=-0.0033 mean_abs=0.4758 max_abs=3.2873 numel=16777216 shape=[512, 8, 64, 64]
 INFO norm_debug: [encoder] layer=2 label=attention.q_scaled | l2=355.6992 rms=0.0868 mean=-0.0015 mean_abs=0.0688 max_abs=0.4661 numel=16777216 shape=[512, 8, 64, 64]
 INFO norm_debug: [encoder] layer=2 label=attention.attn_scores_base | l2=3583.7009 rms=0.8749 mean=-0.2226 mean_abs=0.6483 max_abs=8.5557 numel=16777216 shape=[512, 8, 64, 64]
 INFO norm_debug: [encoder] layer=2 label=attention.rel_scores | l2=192.7538 rms=0.0471 mean=0.0002 mean_abs=0.0371 max_abs=0.2949 numel=16777216 shape=[512, 8, 64, 64]
 INFO norm_debug: [encoder] layer=2 label=attention.attn_scores_combined | l2=3593.5981 rms=0.8773 mean=-0.2224 mean_abs=0.6502 max_abs=8.5459 numel=16777216 shape=[512, 8, 64, 64]
 INFO norm_debug: [encoder] layer=2 label=attention.attn_weights | l2=88.6217 rms=0.0216 mean=0.0156 mean_abs=0.0156 max_abs=0.9197 numel=16777216 shape=[512, 8, 64, 64]
 INFO norm_debug: [encoder] layer=2 label=attention.context_v | l2=1211.3846 rms=0.2957 mean=0.0006 mean_abs=0.2323 max_abs=1.8336 numel=16777216 shape=[512, 8, 64, 64]
 INFO norm_debug: [encoder] layer=2 label=attention.context_rel_v | l2=46.5651 rms=0.0114 mean=-0.0011 mean_abs=0.0086 max_abs=0.1880 numel=16777216 shape=[512, 8, 64, 64]
 INFO norm_debug: [encoder] layer=2 label=attention.context | l2=1212.2825 rms=0.2960 mean=-0.0005 mean_abs=0.2324 max_abs=1.8446 numel=16777216 shape=[512, 8, 64, 64]
 INFO norm_debug: [encoder] layer=2 label=attention.context_merged | l2=1212.2825 rms=0.2960 mean=-0.0005 mean_abs=0.2324 max_abs=1.8446 numel=16777216 shape=[512, 64, 512]
 INFO norm_debug: [encoder] layer=2 label=attention.output | l2=724.3945 rms=0.1769 mean=-0.0000 mean_abs=0.1398 max_abs=1.0833 numel=16777216 shape=[512, 64, 512]
 INFO norm_debug: [encoder] layer=2 label=block.attn_out | l2=724.3945 rms=0.1769 mean=-0.0000 mean_abs=0.1398 max_abs=1.0833 numel=16777216 shape=[512, 64, 512]
 INFO norm_debug: [encoder] layer=2 label=block.post_attn | l2=4050.6675 rms=0.9889 mean=-0.0000 mean_abs=0.7930 max_abs=5.4798 numel=16777216 shape=[512, 64, 512]
 INFO norm_debug: [encoder] layer=2 label=block.norm2 | l2=4097.2642 rms=1.0003 mean=0.0000 mean_abs=0.8022 max_abs=5.5982 numel=16777216 shape=[512, 64, 512]
 INFO norm_debug: [encoder] layer=2 label=mlp.input | l2=4097.2642 rms=1.0003 mean=0.0000 mean_abs=0.8022 max_abs=5.5982 numel=16777216 shape=[512, 64, 512]
 INFO norm_debug: [encoder] layer=2 label=mlp.fc1_out | l2=4773.7080 rms=0.5827 mean=-0.0170 mean_abs=0.4648 max_abs=3.0574 numel=67108864 shape=[512, 64, 2048]
 INFO norm_debug: [encoder] layer=2 label=mlp.gelu | l2=2757.2043 rms=0.3366 mean=0.1085 mean_abs=0.2266 max_abs=2.9889 numel=67108864 shape=[512, 64, 2048]
 INFO norm_debug: [encoder] layer=2 label=mlp.fc2_out | l2=872.1962 rms=0.2129 mean=-0.0010 mean_abs=0.1700 max_abs=1.1833 numel=16777216 shape=[512, 64, 512]
 INFO norm_debug: [encoder] layer=2 label=block.mlp_out | l2=872.1962 rms=0.2129 mean=-0.0010 mean_abs=0.1700 max_abs=1.1833 numel=16777216 shape=[512, 64, 512]
 INFO norm_debug: [encoder] layer=2 label=block.output | l2=4096.1763 rms=1.0000 mean=0.0000 mean_abs=0.8019 max_abs=5.5529 numel=16777216 shape=[512, 64, 512]
 INFO norm_debug: [encoder] layer=2 label=encoder.post_block | l2=4096.1763 rms=1.0000 mean=0.0000 mean_abs=0.8019 max_abs=5.5529 numel=16777216 shape=[512, 64, 512]
 INFO norm_debug: -- layer 2 end --
 INFO norm_debug: -- layer 3 begin --
 INFO norm_debug: [encoder] layer=3 label=encoder.pre_block | l2=4096.1763 rms=1.0000 mean=0.0000 mean_abs=0.8019 max_abs=5.5529 numel=16777216 shape=[512, 64, 512]
 INFO norm_debug: [encoder] layer=3 label=block.input | l2=4096.1763 rms=1.0000 mean=0.0000 mean_abs=0.8019 max_abs=5.5529 numel=16777216 shape=[512, 64, 512]
 INFO norm_debug: [encoder] layer=3 label=block.norm1 | l2=4099.8755 rms=1.0009 mean=0.0000 mean_abs=0.8026 max_abs=5.5798 numel=16777216 shape=[512, 64, 512]
 INFO norm_debug: [encoder] layer=3 label=attention.input | l2=4099.8755 rms=1.0009 mean=0.0000 mean_abs=0.8026 max_abs=5.5798 numel=16777216 shape=[512, 64, 512]
 INFO norm_debug: [encoder] layer=3 label=attention.q_linear | l2=2893.7122 rms=0.7065 mean=0.0024 mean_abs=0.5592 max_abs=4.3858 numel=16777216 shape=[512, 64, 512]
 INFO norm_debug: [encoder] layer=3 label=attention.k_linear | l2=2678.3569 rms=0.6539 mean=-0.0090 mean_abs=0.5225 max_abs=3.4456 numel=16777216 shape=[512, 64, 512]
 INFO norm_debug: [encoder] layer=3 label=attention.v_linear | l2=2431.1396 rms=0.5935 mean=0.0037 mean_abs=0.4739 max_abs=3.0514 numel=16777216 shape=[512, 64, 512]
 INFO norm_debug: [encoder] layer=3 label=attention.q_heads | l2=2893.7122 rms=0.7065 mean=0.0024 mean_abs=0.5592 max_abs=4.3858 numel=16777216 shape=[512, 8, 64, 64]
 INFO norm_debug: [encoder] layer=3 label=attention.k_heads | l2=2678.3569 rms=0.6539 mean=-0.0090 mean_abs=0.5225 max_abs=3.4456 numel=16777216 shape=[512, 8, 64, 64]
 INFO norm_debug: [encoder] layer=3 label=attention.v_heads | l2=2431.1396 rms=0.5935 mean=0.0037 mean_abs=0.4739 max_abs=3.0514 numel=16777216 shape=[512, 8, 64, 64]
 INFO norm_debug: [encoder] layer=3 label=attention.q_scaled | l2=361.7140 rms=0.0883 mean=0.0003 mean_abs=0.0699 max_abs=0.5482 numel=16777216 shape=[512, 8, 64, 64]
 INFO norm_debug: [encoder] layer=3 label=attention.attn_scores_base | l2=3800.2122 rms=0.9278 mean=-0.1681 mean_abs=0.6772 max_abs=8.7384 numel=16777216 shape=[512, 8, 64, 64]
 INFO norm_debug: [encoder] layer=3 label=attention.rel_scores | l2=199.4305 rms=0.0487 mean=0.0001 mean_abs=0.0383 max_abs=0.2776 numel=16777216 shape=[512, 8, 64, 64]
 INFO norm_debug: [encoder] layer=3 label=attention.attn_scores_combined | l2=3807.9016 rms=0.9297 mean=-0.1680 mean_abs=0.6787 max_abs=8.7330 numel=16777216 shape=[512, 8, 64, 64]
 INFO norm_debug: [encoder] layer=3 label=attention.attn_weights | l2=99.6788 rms=0.0243 mean=0.0156 mean_abs=0.0156 max_abs=0.9156 numel=16777216 shape=[512, 8, 64, 64]
 INFO norm_debug: [encoder] layer=3 label=attention.context_v | l2=1187.5409 rms=0.2899 mean=0.0030 mean_abs=0.2261 max_abs=2.0345 numel=16777216 shape=[512, 8, 64, 64]
 INFO norm_debug: [encoder] layer=3 label=attention.context_rel_v | l2=52.3564 rms=0.0128 mean=-0.0007 mean_abs=0.0094 max_abs=0.2393 numel=16777216 shape=[512, 8, 64, 64]
 INFO norm_debug: [encoder] layer=3 label=attention.context | l2=1189.6130 rms=0.2904 mean=0.0023 mean_abs=0.2265 max_abs=1.9717 numel=16777216 shape=[512, 8, 64, 64]
 INFO norm_debug: [encoder] layer=3 label=attention.context_merged | l2=1189.6130 rms=0.2904 mean=0.0023 mean_abs=0.2265 max_abs=1.9717 numel=16777216 shape=[512, 64, 512]
 INFO norm_debug: [encoder] layer=3 label=attention.output | l2=696.6822 rms=0.1701 mean=0.0018 mean_abs=0.1336 max_abs=1.0472 numel=16777216 shape=[512, 64, 512]
 INFO norm_debug: [encoder] layer=3 label=block.attn_out | l2=696.6822 rms=0.1701 mean=0.0018 mean_abs=0.1336 max_abs=1.0472 numel=16777216 shape=[512, 64, 512]
 INFO norm_debug: [encoder] layer=3 label=block.post_attn | l2=4103.7344 rms=1.0019 mean=0.0019 mean_abs=0.8035 max_abs=5.3236 numel=16777216 shape=[512, 64, 512]
 INFO norm_debug: [encoder] layer=3 label=block.norm2 | l2=4097.6543 rms=1.0004 mean=0.0000 mean_abs=0.8023 max_abs=5.4318 numel=16777216 shape=[512, 64, 512]
 INFO norm_debug: [encoder] layer=3 label=mlp.input | l2=4097.6543 rms=1.0004 mean=0.0000 mean_abs=0.8023 max_abs=5.4318 numel=16777216 shape=[512, 64, 512]
 INFO norm_debug: [encoder] layer=3 label=mlp.fc1_out | l2=4804.8760 rms=0.5865 mean=-0.0083 mean_abs=0.4676 max_abs=3.2599 numel=67108864 shape=[512, 64, 2048]
 INFO norm_debug: [encoder] layer=3 label=mlp.gelu | l2=2818.4307 rms=0.3440 mean=0.1141 mean_abs=0.2309 max_abs=3.2581 numel=67108864 shape=[512, 64, 2048]
 INFO norm_debug: [encoder] layer=3 label=mlp.fc2_out | l2=895.4947 rms=0.2186 mean=-0.0063 mean_abs=0.1743 max_abs=1.1569 numel=16777216 shape=[512, 64, 512]
 INFO norm_debug: [encoder] layer=3 label=block.mlp_out | l2=895.4947 rms=0.2186 mean=-0.0063 mean_abs=0.1743 max_abs=1.1569 numel=16777216 shape=[512, 64, 512]
 INFO norm_debug: [encoder] layer=3 label=block.output | l2=4096.1401 rms=1.0000 mean=0.0000 mean_abs=0.8019 max_abs=6.0018 numel=16777216 shape=[512, 64, 512]
 INFO norm_debug: [encoder] layer=3 label=encoder.post_block | l2=4096.1401 rms=1.0000 mean=0.0000 mean_abs=0.8019 max_abs=6.0018 numel=16777216 shape=[512, 64, 512]
 INFO norm_debug: -- layer 3 end --
 INFO norm_debug: -- layer 4 begin --
 INFO norm_debug: [encoder] layer=4 label=encoder.pre_block | l2=4096.1401 rms=1.0000 mean=0.0000 mean_abs=0.8019 max_abs=6.0018 numel=16777216 shape=[512, 64, 512]
 INFO norm_debug: [encoder] layer=4 label=block.input | l2=4096.1401 rms=1.0000 mean=0.0000 mean_abs=0.8019 max_abs=6.0018 numel=16777216 shape=[512, 64, 512]
 INFO norm_debug: [encoder] layer=4 label=block.norm1 | l2=4099.8433 rms=1.0009 mean=0.0000 mean_abs=0.8026 max_abs=6.0289 numel=16777216 shape=[512, 64, 512]
 INFO norm_debug: [encoder] layer=4 label=attention.input | l2=4099.8433 rms=1.0009 mean=0.0000 mean_abs=0.8026 max_abs=6.0289 numel=16777216 shape=[512, 64, 512]
 INFO norm_debug: [encoder] layer=4 label=attention.q_linear | l2=2749.6672 rms=0.6713 mean=-0.0001 mean_abs=0.5322 max_abs=3.9573 numel=16777216 shape=[512, 64, 512]
 INFO norm_debug: [encoder] layer=4 label=attention.k_linear | l2=2671.4390 rms=0.6522 mean=0.0107 mean_abs=0.5202 max_abs=3.2157 numel=16777216 shape=[512, 64, 512]
 INFO norm_debug: [encoder] layer=4 label=attention.v_linear | l2=2415.8057 rms=0.5898 mean=0.0118 mean_abs=0.4705 max_abs=3.0023 numel=16777216 shape=[512, 64, 512]
 INFO norm_debug: [encoder] layer=4 label=attention.q_heads | l2=2749.6672 rms=0.6713 mean=-0.0001 mean_abs=0.5322 max_abs=3.9573 numel=16777216 shape=[512, 8, 64, 64]
 INFO norm_debug: [encoder] layer=4 label=attention.k_heads | l2=2671.4390 rms=0.6522 mean=0.0107 mean_abs=0.5202 max_abs=3.2157 numel=16777216 shape=[512, 8, 64, 64]
 INFO norm_debug: [encoder] layer=4 label=attention.v_heads | l2=2415.8057 rms=0.5898 mean=0.0118 mean_abs=0.4705 max_abs=3.0023 numel=16777216 shape=[512, 8, 64, 64]
 INFO norm_debug: [encoder] layer=4 label=attention.q_scaled | l2=343.7084 rms=0.0839 mean=-0.0000 mean_abs=0.0665 max_abs=0.4947 numel=16777216 shape=[512, 8, 64, 64]
 INFO norm_debug: [encoder] layer=4 label=attention.attn_scores_base | l2=3285.6038 rms=0.8021 mean=-0.0972 mean_abs=0.6005 max_abs=9.7979 numel=16777216 shape=[512, 8, 64, 64]
 INFO norm_debug: [encoder] layer=4 label=attention.rel_scores | l2=183.9444 rms=0.0449 mean=0.0000 mean_abs=0.0355 max_abs=0.2887 numel=16777216 shape=[512, 8, 64, 64]
 INFO norm_debug: [encoder] layer=4 label=attention.attn_scores_combined | l2=3292.7676 rms=0.8039 mean=-0.0971 mean_abs=0.6018 max_abs=9.8048 numel=16777216 shape=[512, 8, 64, 64]
 INFO norm_debug: [encoder] layer=4 label=attention.attn_weights | l2=89.1886 rms=0.0218 mean=0.0156 mean_abs=0.0156 max_abs=0.9840 numel=16777216 shape=[512, 8, 64, 64]
 INFO norm_debug: [encoder] layer=4 label=attention.context_v | l2=1115.5088 rms=0.2723 mean=0.0120 mean_abs=0.2131 max_abs=2.0337 numel=16777216 shape=[512, 8, 64, 64]
 INFO norm_debug: [encoder] layer=4 label=attention.context_rel_v | l2=49.0917 rms=0.0120 mean=-0.0004 mean_abs=0.0091 max_abs=0.2276 numel=16777216 shape=[512, 8, 64, 64]
 INFO norm_debug: [encoder] layer=4 label=attention.context | l2=1116.2905 rms=0.2725 mean=0.0117 mean_abs=0.2132 max_abs=2.0673 numel=16777216 shape=[512, 8, 64, 64]
 INFO norm_debug: [encoder] layer=4 label=attention.context_merged | l2=1116.2905 rms=0.2725 mean=0.0117 mean_abs=0.2132 max_abs=2.0673 numel=16777216 shape=[512, 64, 512]
 INFO norm_debug: [encoder] layer=4 label=attention.output | l2=671.9331 rms=0.1640 mean=-0.0027 mean_abs=0.1290 max_abs=1.0723 numel=16777216 shape=[512, 64, 512]
 INFO norm_debug: [encoder] layer=4 label=block.attn_out | l2=671.9331 rms=0.1640 mean=-0.0027 mean_abs=0.1290 max_abs=1.0723 numel=16777216 shape=[512, 64, 512]
 INFO norm_debug: [encoder] layer=4 label=block.post_attn | l2=4125.7134 rms=1.0073 mean=-0.0027 mean_abs=0.8078 max_abs=5.9703 numel=16777216 shape=[512, 64, 512]
 INFO norm_debug: [encoder] layer=4 label=block.norm2 | l2=4098.4126 rms=1.0006 mean=-0.0000 mean_abs=0.8025 max_abs=6.0851 numel=16777216 shape=[512, 64, 512]
 INFO norm_debug: [encoder] layer=4 label=mlp.input | l2=4098.4126 rms=1.0006 mean=-0.0000 mean_abs=0.8025 max_abs=6.0851 numel=16777216 shape=[512, 64, 512]
 INFO norm_debug: [encoder] layer=4 label=mlp.fc1_out | l2=4817.2061 rms=0.5880 mean=-0.0100 mean_abs=0.4689 max_abs=3.2866 numel=67108864 shape=[512, 64, 2048]
 INFO norm_debug: [encoder] layer=4 label=mlp.gelu | l2=2822.0740 rms=0.3445 mean=0.1139 mean_abs=0.2311 max_abs=3.2849 numel=67108864 shape=[512, 64, 2048]
 INFO norm_debug: [encoder] layer=4 label=mlp.fc2_out | l2=883.0549 rms=0.2156 mean=0.0009 mean_abs=0.1719 max_abs=1.0987 numel=16777216 shape=[512, 64, 512]
 INFO norm_debug: [encoder] layer=4 label=block.mlp_out | l2=883.0549 rms=0.2156 mean=0.0009 mean_abs=0.1719 max_abs=1.0987 numel=16777216 shape=[512, 64, 512]
 INFO norm_debug: [encoder] layer=4 label=block.output | l2=4096.1450 rms=1.0000 mean=0.0000 mean_abs=0.8010 max_abs=6.0910 numel=16777216 shape=[512, 64, 512]
 INFO norm_debug: [encoder] layer=4 label=encoder.post_block | l2=4096.1450 rms=1.0000 mean=0.0000 mean_abs=0.8010 max_abs=6.0910 numel=16777216 shape=[512, 64, 512]
 INFO norm_debug: -- layer 4 end --
 INFO norm_debug: -- layer 5 begin --
 INFO norm_debug: [encoder] layer=5 label=encoder.pre_block | l2=4096.1450 rms=1.0000 mean=0.0000 mean_abs=0.8010 max_abs=6.0910 numel=16777216 shape=[512, 64, 512]
 INFO norm_debug: [encoder] layer=5 label=block.input | l2=4096.1450 rms=1.0000 mean=0.0000 mean_abs=0.8010 max_abs=6.0910 numel=16777216 shape=[512, 64, 512]
 INFO norm_debug: [encoder] layer=5 label=block.norm1 | l2=4100.3423 rms=1.0011 mean=0.0000 mean_abs=0.8018 max_abs=6.0982 numel=16777216 shape=[512, 64, 512]
 INFO norm_debug: [encoder] layer=5 label=attention.input | l2=4100.3423 rms=1.0011 mean=0.0000 mean_abs=0.8018 max_abs=6.0982 numel=16777216 shape=[512, 64, 512]
 INFO norm_debug: [encoder] layer=5 label=attention.q_linear | l2=2714.6653 rms=0.6628 mean=0.0013 mean_abs=0.5270 max_abs=3.5631 numel=16777216 shape=[512, 64, 512]
 INFO norm_debug: [encoder] layer=5 label=attention.k_linear | l2=2710.0134 rms=0.6616 mean=-0.0034 mean_abs=0.5286 max_abs=3.2584 numel=16777216 shape=[512, 64, 512]
 INFO norm_debug: [encoder] layer=5 label=attention.v_linear | l2=2451.0056 rms=0.5984 mean=0.0013 mean_abs=0.4776 max_abs=3.0194 numel=16777216 shape=[512, 64, 512]
 INFO norm_debug: [encoder] layer=5 label=attention.q_heads | l2=2714.6653 rms=0.6628 mean=0.0013 mean_abs=0.5270 max_abs=3.5631 numel=16777216 shape=[512, 8, 64, 64]
 INFO norm_debug: [encoder] layer=5 label=attention.k_heads | l2=2710.0134 rms=0.6616 mean=-0.0034 mean_abs=0.5286 max_abs=3.2584 numel=16777216 shape=[512, 8, 64, 64]
 INFO norm_debug: [encoder] layer=5 label=attention.v_heads | l2=2451.0056 rms=0.5984 mean=0.0013 mean_abs=0.4776 max_abs=3.0194 numel=16777216 shape=[512, 8, 64, 64]
 INFO norm_debug: [encoder] layer=5 label=attention.q_scaled | l2=339.3332 rms=0.0828 mean=0.0002 mean_abs=0.0659 max_abs=0.4454 numel=16777216 shape=[512, 8, 64, 64]
 INFO norm_debug: [encoder] layer=5 label=attention.attn_scores_base | l2=3282.7329 rms=0.8014 mean=-0.0828 mean_abs=0.6003 max_abs=7.7767 numel=16777216 shape=[512, 8, 64, 64]
 INFO norm_debug: [encoder] layer=5 label=attention.rel_scores | l2=180.9871 rms=0.0442 mean=0.0002 mean_abs=0.0349 max_abs=0.3198 numel=16777216 shape=[512, 8, 64, 64]
 INFO norm_debug: [encoder] layer=5 label=attention.attn_scores_combined | l2=3288.6208 rms=0.8029 mean=-0.0826 mean_abs=0.6013 max_abs=8.0276 numel=16777216 shape=[512, 8, 64, 64]
 INFO norm_debug: [encoder] layer=5 label=attention.attn_weights | l2=83.7167 rms=0.0204 mean=0.0156 mean_abs=0.0156 max_abs=0.8618 numel=16777216 shape=[512, 8, 64, 64]
 INFO norm_debug: [encoder] layer=5 label=attention.context_v | l2=1137.9374 rms=0.2778 mean=0.0028 mean_abs=0.2167 max_abs=1.7941 numel=16777216 shape=[512, 8, 64, 64]
 INFO norm_debug: [encoder] layer=5 label=attention.context_rel_v | l2=44.3958 rms=0.0108 mean=0.0013 mean_abs=0.0084 max_abs=0.1696 numel=16777216 shape=[512, 8, 64, 64]
 INFO norm_debug: [encoder] layer=5 label=attention.context | l2=1138.8210 rms=0.2780 mean=0.0041 mean_abs=0.2169 max_abs=1.8198 numel=16777216 shape=[512, 8, 64, 64]
 INFO norm_debug: [encoder] layer=5 label=attention.context_merged | l2=1138.8210 rms=0.2780 mean=0.0041 mean_abs=0.2169 max_abs=1.8198 numel=16777216 shape=[512, 64, 512]
 INFO norm_debug: [encoder] layer=5 label=attention.output | l2=669.0069 rms=0.1633 mean=-0.0017 mean_abs=0.1287 max_abs=1.0199 numel=16777216 shape=[512, 64, 512]
 INFO norm_debug: [encoder] layer=5 label=block.attn_out | l2=669.0069 rms=0.1633 mean=-0.0017 mean_abs=0.1287 max_abs=1.0199 numel=16777216 shape=[512, 64, 512]
 INFO norm_debug: [encoder] layer=5 label=block.post_attn | l2=4129.0146 rms=1.0081 mean=-0.0017 mean_abs=0.8072 max_abs=6.1052 numel=16777216 shape=[512, 64, 512]
 INFO norm_debug: [encoder] layer=5 label=block.norm2 | l2=4098.7876 rms=1.0007 mean=-0.0000 mean_abs=0.8013 max_abs=6.2235 numel=16777216 shape=[512, 64, 512]
 INFO norm_debug: [encoder] layer=5 label=mlp.input | l2=4098.7876 rms=1.0007 mean=-0.0000 mean_abs=0.8013 max_abs=6.2235 numel=16777216 shape=[512, 64, 512]
 INFO norm_debug: [encoder] layer=5 label=mlp.fc1_out | l2=4780.6055 rms=0.5836 mean=-0.0054 mean_abs=0.4655 max_abs=3.1994 numel=67108864 shape=[512, 64, 2048]
 INFO norm_debug: [encoder] layer=5 label=mlp.gelu | l2=2813.8970 rms=0.3435 mean=0.1146 mean_abs=0.2308 max_abs=3.1971 numel=67108864 shape=[512, 64, 2048]
 INFO norm_debug: [encoder] layer=5 label=mlp.fc2_out | l2=852.9448 rms=0.2082 mean=0.0034 mean_abs=0.1657 max_abs=1.0927 numel=16777216 shape=[512, 64, 512]
 INFO norm_debug: [encoder] layer=5 label=block.mlp_out | l2=852.9448 rms=0.2082 mean=0.0034 mean_abs=0.1657 max_abs=1.0927 numel=16777216 shape=[512, 64, 512]
 INFO norm_debug: [encoder] layer=5 label=block.output | l2=4096.1099 rms=1.0000 mean=0.0000 mean_abs=0.8008 max_abs=6.1487 numel=16777216 shape=[512, 64, 512]
 INFO norm_debug: [encoder] layer=5 label=encoder.post_block | l2=4096.1099 rms=1.0000 mean=0.0000 mean_abs=0.8008 max_abs=6.1487 numel=16777216 shape=[512, 64, 512]
 INFO norm_debug: -- layer 5 end --
 INFO norm_debug: -- layer 6 begin --
 INFO norm_debug: [encoder] layer=6 label=encoder.pre_block | l2=4096.1099 rms=1.0000 mean=0.0000 mean_abs=0.8008 max_abs=6.1487 numel=16777216 shape=[512, 64, 512]
 INFO norm_debug: [encoder] layer=6 label=block.input | l2=4096.1099 rms=1.0000 mean=0.0000 mean_abs=0.8008 max_abs=6.1487 numel=16777216 shape=[512, 64, 512]
 INFO norm_debug: [encoder] layer=6 label=block.norm1 | l2=4098.7827 rms=1.0007 mean=0.0000 mean_abs=0.8013 max_abs=6.1478 numel=16777216 shape=[512, 64, 512]
 INFO norm_debug: [encoder] layer=6 label=attention.input | l2=4098.7827 rms=1.0007 mean=0.0000 mean_abs=0.8013 max_abs=6.1478 numel=16777216 shape=[512, 64, 512]
 INFO norm_debug: [encoder] layer=6 label=attention.q_linear | l2=2615.4492 rms=0.6385 mean=0.0063 mean_abs=0.5089 max_abs=3.4026 numel=16777216 shape=[512, 64, 512]
 INFO norm_debug: [encoder] layer=6 label=attention.k_linear | l2=2652.9541 rms=0.6477 mean=-0.0024 mean_abs=0.5162 max_abs=3.3818 numel=16777216 shape=[512, 64, 512]
 INFO norm_debug: [encoder] layer=6 label=attention.v_linear | l2=2402.4800 rms=0.5865 mean=-0.0010 mean_abs=0.4681 max_abs=3.1372 numel=16777216 shape=[512, 64, 512]
 INFO norm_debug: [encoder] layer=6 label=attention.q_heads | l2=2615.4492 rms=0.6385 mean=0.0063 mean_abs=0.5089 max_abs=3.4026 numel=16777216 shape=[512, 8, 64, 64]
 INFO norm_debug: [encoder] layer=6 label=attention.k_heads | l2=2652.9541 rms=0.6477 mean=-0.0024 mean_abs=0.5162 max_abs=3.3818 numel=16777216 shape=[512, 8, 64, 64]
 INFO norm_debug: [encoder] layer=6 label=attention.v_heads | l2=2402.4800 rms=0.5865 mean=-0.0010 mean_abs=0.4681 max_abs=3.1372 numel=16777216 shape=[512, 8, 64, 64]
 INFO norm_debug: [encoder] layer=6 label=attention.q_scaled | l2=326.9312 rms=0.0798 mean=0.0008 mean_abs=0.0636 max_abs=0.4253 numel=16777216 shape=[512, 8, 64, 64]
 INFO norm_debug: [encoder] layer=6 label=attention.attn_scores_base | l2=2735.3228 rms=0.6678 mean=-0.0555 mean_abs=0.5003 max_abs=6.5428 numel=16777216 shape=[512, 8, 64, 64]
 INFO norm_debug: [encoder] layer=6 label=attention.rel_scores | l2=176.4738 rms=0.0431 mean=0.0001 mean_abs=0.0341 max_abs=0.2570 numel=16777216 shape=[512, 8, 64, 64]
 INFO norm_debug: [encoder] layer=6 label=attention.attn_scores_combined | l2=2740.6960 rms=0.6691 mean=-0.0554 mean_abs=0.5015 max_abs=6.6204 numel=16777216 shape=[512, 8, 64, 64]
 INFO norm_debug: [encoder] layer=6 label=attention.attn_weights | l2=77.6335 rms=0.0190 mean=0.0156 mean_abs=0.0156 max_abs=0.6671 numel=16777216 shape=[512, 8, 64, 64]
 INFO norm_debug: [encoder] layer=6 label=attention.context_v | l2=1113.1923 rms=0.2718 mean=-0.0037 mean_abs=0.2119 max_abs=1.7861 numel=16777216 shape=[512, 8, 64, 64]
 INFO norm_debug: [encoder] layer=6 label=attention.context_rel_v | l2=39.3943 rms=0.0096 mean=0.0003 mean_abs=0.0076 max_abs=0.1685 numel=16777216 shape=[512, 8, 64, 64]
 INFO norm_debug: [encoder] layer=6 label=attention.context | l2=1114.3521 rms=0.2721 mean=-0.0034 mean_abs=0.2121 max_abs=1.7984 numel=16777216 shape=[512, 8, 64, 64]
 INFO norm_debug: [encoder] layer=6 label=attention.context_merged | l2=1114.3521 rms=0.2721 mean=-0.0034 mean_abs=0.2121 max_abs=1.7984 numel=16777216 shape=[512, 64, 512]
 INFO norm_debug: [encoder] layer=6 label=attention.output | l2=662.0814 rms=0.1616 mean=-0.0015 mean_abs=0.1262 max_abs=1.1384 numel=16777216 shape=[512, 64, 512]
 INFO norm_debug: [encoder] layer=6 label=block.attn_out | l2=662.0814 rms=0.1616 mean=-0.0015 mean_abs=0.1262 max_abs=1.1384 numel=16777216 shape=[512, 64, 512]
 INFO norm_debug: [encoder] layer=6 label=block.post_attn | l2=4156.0103 rms=1.0147 mean=-0.0015 mean_abs=0.8122 max_abs=6.3288 numel=16777216 shape=[512, 64, 512]
 INFO norm_debug: [encoder] layer=6 label=block.norm2 | l2=4099.5156 rms=1.0009 mean=-0.0000 mean_abs=0.8012 max_abs=6.3744 numel=16777216 shape=[512, 64, 512]
 INFO norm_debug: [encoder] layer=6 label=mlp.input | l2=4099.5156 rms=1.0009 mean=-0.0000 mean_abs=0.8012 max_abs=6.3744 numel=16777216 shape=[512, 64, 512]
 INFO norm_debug: [encoder] layer=6 label=mlp.fc1_out | l2=4814.8027 rms=0.5877 mean=-0.0063 mean_abs=0.4692 max_abs=3.2399 numel=67108864 shape=[512, 64, 2048]
 INFO norm_debug: [encoder] layer=6 label=mlp.gelu | l2=2840.3127 rms=0.3467 mean=0.1157 mean_abs=0.2326 max_abs=3.1317 numel=67108864 shape=[512, 64, 2048]
 INFO norm_debug: [encoder] layer=6 label=mlp.fc2_out | l2=869.8795 rms=0.2124 mean=-0.0001 mean_abs=0.1693 max_abs=1.1147 numel=16777216 shape=[512, 64, 512]
 INFO norm_debug: [encoder] layer=6 label=block.mlp_out | l2=869.8795 rms=0.2124 mean=-0.0001 mean_abs=0.1693 max_abs=1.1147 numel=16777216 shape=[512, 64, 512]
 INFO norm_debug: [encoder] layer=6 label=block.output | l2=4096.0923 rms=1.0000 mean=-0.0000 mean_abs=0.8000 max_abs=6.2427 numel=16777216 shape=[512, 64, 512]
 INFO norm_debug: [encoder] layer=6 label=encoder.post_block | l2=4096.0923 rms=1.0000 mean=-0.0000 mean_abs=0.8000 max_abs=6.2427 numel=16777216 shape=[512, 64, 512]
 INFO norm_debug: -- layer 6 end --
 INFO norm_debug: -- layer 7 begin --
 INFO norm_debug: [encoder] layer=7 label=encoder.pre_block | l2=4096.0923 rms=1.0000 mean=-0.0000 mean_abs=0.8000 max_abs=6.2427 numel=16777216 shape=[512, 64, 512]
 INFO norm_debug: [encoder] layer=7 label=block.input | l2=4096.0923 rms=1.0000 mean=-0.0000 mean_abs=0.8000 max_abs=6.2427 numel=16777216 shape=[512, 64, 512]
 INFO norm_debug: [encoder] layer=7 label=block.norm1 | l2=4098.7832 rms=1.0007 mean=-0.0000 mean_abs=0.8005 max_abs=6.2470 numel=16777216 shape=[512, 64, 512]
 INFO norm_debug: [encoder] layer=7 label=attention.input | l2=4098.7832 rms=1.0007 mean=-0.0000 mean_abs=0.8005 max_abs=6.2470 numel=16777216 shape=[512, 64, 512]
 INFO norm_debug: [encoder] layer=7 label=attention.q_linear | l2=2604.5271 rms=0.6359 mean=0.0004 mean_abs=0.5061 max_abs=3.6048 numel=16777216 shape=[512, 64, 512]
 INFO norm_debug: [encoder] layer=7 label=attention.k_linear | l2=2630.4055 rms=0.6422 mean=-0.0023 mean_abs=0.5122 max_abs=3.4096 numel=16777216 shape=[512, 64, 512]
 INFO norm_debug: [encoder] layer=7 label=attention.v_linear | l2=2405.5476 rms=0.5873 mean=-0.0001 mean_abs=0.4686 max_abs=3.1074 numel=16777216 shape=[512, 64, 512]
 INFO norm_debug: [encoder] layer=7 label=attention.q_heads | l2=2604.5271 rms=0.6359 mean=0.0004 mean_abs=0.5061 max_abs=3.6048 numel=16777216 shape=[512, 8, 64, 64]
 INFO norm_debug: [encoder] layer=7 label=attention.k_heads | l2=2630.4055 rms=0.6422 mean=-0.0023 mean_abs=0.5122 max_abs=3.4096 numel=16777216 shape=[512, 8, 64, 64]
 INFO norm_debug: [encoder] layer=7 label=attention.v_heads | l2=2405.5476 rms=0.5873 mean=-0.0001 mean_abs=0.4686 max_abs=3.1074 numel=16777216 shape=[512, 8, 64, 64]
 INFO norm_debug: [encoder] layer=7 label=attention.q_scaled | l2=325.5659 rms=0.0795 mean=0.0000 mean_abs=0.0633 max_abs=0.4506 numel=16777216 shape=[512, 8, 64, 64]
 INFO norm_debug: [encoder] layer=7 label=attention.attn_scores_base | l2=2610.1348 rms=0.6372 mean=-0.0640 mean_abs=0.4871 max_abs=6.8258 numel=16777216 shape=[512, 8, 64, 64]
 INFO norm_debug: [encoder] layer=7 label=attention.rel_scores | l2=176.0089 rms=0.0430 mean=0.0005 mean_abs=0.0341 max_abs=0.2699 numel=16777216 shape=[512, 8, 64, 64]
 INFO norm_debug: [encoder] layer=7 label=attention.attn_scores_combined | l2=2617.2227 rms=0.6390 mean=-0.0634 mean_abs=0.4885 max_abs=6.8801 numel=16777216 shape=[512, 8, 64, 64]
 INFO norm_debug: [encoder] layer=7 label=attention.attn_weights | l2=76.3833 rms=0.0186 mean=0.0156 mean_abs=0.0156 max_abs=0.6894 numel=16777216 shape=[512, 8, 64, 64]
 INFO norm_debug: [encoder] layer=7 label=attention.context_v | l2=1127.4752 rms=0.2753 mean=-0.0002 mean_abs=0.2152 max_abs=1.7135 numel=16777216 shape=[512, 8, 64, 64]
 INFO norm_debug: [encoder] layer=7 label=attention.context_rel_v | l2=42.0331 rms=0.0103 mean=-0.0004 mean_abs=0.0081 max_abs=0.1327 numel=16777216 shape=[512, 8, 64, 64]
 INFO norm_debug: [encoder] layer=7 label=attention.context | l2=1128.6409 rms=0.2755 mean=-0.0005 mean_abs=0.2155 max_abs=1.7257 numel=16777216 shape=[512, 8, 64, 64]
 INFO norm_debug: [encoder] layer=7 label=attention.context_merged | l2=1128.6409 rms=0.2755 mean=-0.0005 mean_abs=0.2155 max_abs=1.7257 numel=16777216 shape=[512, 64, 512]
 INFO norm_debug: [encoder] layer=7 label=attention.output | l2=666.5107 rms=0.1627 mean=-0.0022 mean_abs=0.1280 max_abs=1.0913 numel=16777216 shape=[512, 64, 512]
 INFO norm_debug: [encoder] layer=7 label=block.attn_out | l2=666.5107 rms=0.1627 mean=-0.0022 mean_abs=0.1280 max_abs=1.0913 numel=16777216 shape=[512, 64, 512]
 INFO norm_debug: [encoder] layer=7 label=block.post_attn | l2=4151.7612 rms=1.0136 mean=-0.0022 mean_abs=0.8106 max_abs=6.3304 numel=16777216 shape=[512, 64, 512]
 INFO norm_debug: [encoder] layer=7 label=block.norm2 | l2=4099.7266 rms=1.0009 mean=0.0000 mean_abs=0.8005 max_abs=6.3233 numel=16777216 shape=[512, 64, 512]
 INFO norm_debug: [encoder] layer=7 label=mlp.input | l2=4099.7266 rms=1.0009 mean=0.0000 mean_abs=0.8005 max_abs=6.3233 numel=16777216 shape=[512, 64, 512]
 INFO norm_debug: [encoder] layer=7 label=mlp.fc1_out | l2=4804.2510 rms=0.5865 mean=-0.0088 mean_abs=0.4683 max_abs=3.3010 numel=67108864 shape=[512, 64, 2048]
 INFO norm_debug: [encoder] layer=7 label=mlp.gelu | l2=2819.9092 rms=0.3442 mean=0.1140 mean_abs=0.2314 max_abs=2.9904 numel=67108864 shape=[512, 64, 2048]
 INFO norm_debug: [encoder] layer=7 label=mlp.fc2_out | l2=870.6574 rms=0.2126 mean=-0.0012 mean_abs=0.1693 max_abs=1.1873 numel=16777216 shape=[512, 64, 512]
 INFO norm_debug: [encoder] layer=7 label=block.mlp_out | l2=870.6574 rms=0.2126 mean=-0.0012 mean_abs=0.1693 max_abs=1.1873 numel=16777216 shape=[512, 64, 512]
 INFO norm_debug: [encoder] layer=7 label=block.output | l2=4095.8984 rms=1.0000 mean=-0.0000 mean_abs=0.7997 max_abs=6.2843 numel=16777216 shape=[512, 64, 512]
 INFO norm_debug: [encoder] layer=7 label=encoder.post_block | l2=4095.8984 rms=1.0000 mean=-0.0000 mean_abs=0.7997 max_abs=6.2843 numel=16777216 shape=[512, 64, 512]
 INFO norm_debug: -- layer 7 end --
 INFO norm_debug: -- layer 8 begin --
 INFO norm_debug: [encoder] layer=8 label=encoder.pre_block | l2=4095.8984 rms=1.0000 mean=-0.0000 mean_abs=0.7997 max_abs=6.2843 numel=16777216 shape=[512, 64, 512]
 INFO norm_debug: [encoder] layer=8 label=block.input | l2=4095.8984 rms=1.0000 mean=-0.0000 mean_abs=0.7997 max_abs=6.2843 numel=16777216 shape=[512, 64, 512]
 INFO norm_debug: [encoder] layer=8 label=block.norm1 | l2=4100.7183 rms=1.0012 mean=-0.0000 mean_abs=0.8006 max_abs=6.2878 numel=16777216 shape=[512, 64, 512]
 INFO norm_debug: [encoder] layer=8 label=attention.input | l2=4100.7183 rms=1.0012 mean=-0.0000 mean_abs=0.8006 max_abs=6.2878 numel=16777216 shape=[512, 64, 512]
 INFO norm_debug: [encoder] layer=8 label=attention.q_linear | l2=2685.7827 rms=0.6557 mean=0.0023 mean_abs=0.5201 max_abs=4.2165 numel=16777216 shape=[512, 64, 512]
 INFO norm_debug: [encoder] layer=8 label=attention.k_linear | l2=2730.5085 rms=0.6666 mean=0.0046 mean_abs=0.5301 max_abs=3.6038 numel=16777216 shape=[512, 64, 512]
 INFO norm_debug: [encoder] layer=8 label=attention.v_linear | l2=2480.4851 rms=0.6056 mean=0.0025 mean_abs=0.4825 max_abs=3.2793 numel=16777216 shape=[512, 64, 512]
 INFO norm_debug: [encoder] layer=8 label=attention.q_heads | l2=2685.7827 rms=0.6557 mean=0.0023 mean_abs=0.5201 max_abs=4.2165 numel=16777216 shape=[512, 8, 64, 64]
 INFO norm_debug: [encoder] layer=8 label=attention.k_heads | l2=2730.5085 rms=0.6666 mean=0.0046 mean_abs=0.5301 max_abs=3.6038 numel=16777216 shape=[512, 8, 64, 64]
 INFO norm_debug: [encoder] layer=8 label=attention.v_heads | l2=2480.4851 rms=0.6056 mean=0.0025 mean_abs=0.4825 max_abs=3.2793 numel=16777216 shape=[512, 8, 64, 64]
 INFO norm_debug: [encoder] layer=8 label=attention.q_scaled | l2=335.7228 rms=0.0820 mean=0.0003 mean_abs=0.0650 max_abs=0.5271 numel=16777216 shape=[512, 8, 64, 64]
 INFO norm_debug: [encoder] layer=8 label=attention.attn_scores_base | l2=3366.3879 rms=0.8219 mean=-0.0541 mean_abs=0.5838 max_abs=13.3497 numel=16777216 shape=[512, 8, 64, 64]
 INFO norm_debug: [encoder] layer=8 label=attention.rel_scores | l2=182.2679 rms=0.0445 mean=0.0004 mean_abs=0.0348 max_abs=0.4804 numel=16777216 shape=[512, 8, 64, 64]
 INFO norm_debug: [encoder] layer=8 label=attention.attn_scores_combined | l2=3372.5474 rms=0.8234 mean=-0.0538 mean_abs=0.5850 max_abs=13.7704 numel=16777216 shape=[512, 8, 64, 64]
 INFO norm_debug: [encoder] layer=8 label=attention.attn_weights | l2=90.1965 rms=0.0220 mean=0.0156 mean_abs=0.0156 max_abs=0.9943 numel=16777216 shape=[512, 8, 64, 64]
 INFO norm_debug: [encoder] layer=8 label=attention.context_v | l2=1245.0189 rms=0.3040 mean=0.0011 mean_abs=0.2369 max_abs=2.7120 numel=16777216 shape=[512, 8, 64, 64]
 INFO norm_debug: [encoder] layer=8 label=attention.context_rel_v | l2=47.5466 rms=0.0116 mean=-0.0016 mean_abs=0.0087 max_abs=0.1999 numel=16777216 shape=[512, 8, 64, 64]
 INFO norm_debug: [encoder] layer=8 label=attention.context | l2=1245.5957 rms=0.3041 mean=-0.0005 mean_abs=0.2370 max_abs=2.8048 numel=16777216 shape=[512, 8, 64, 64]
 INFO norm_debug: [encoder] layer=8 label=attention.context_merged | l2=1245.5957 rms=0.3041 mean=-0.0005 mean_abs=0.2370 max_abs=2.8048 numel=16777216 shape=[512, 64, 512]
 INFO norm_debug: [encoder] layer=8 label=attention.output | l2=740.2159 rms=0.1807 mean=-0.0018 mean_abs=0.1420 max_abs=1.1048 numel=16777216 shape=[512, 64, 512]
 INFO norm_debug: [encoder] layer=8 label=block.attn_out | l2=740.2159 rms=0.1807 mean=-0.0018 mean_abs=0.1420 max_abs=1.1048 numel=16777216 shape=[512, 64, 512]
 INFO norm_debug: [encoder] layer=8 label=block.post_attn | l2=4159.1338 rms=1.0154 mean=-0.0018 mean_abs=0.8117 max_abs=6.2752 numel=16777216 shape=[512, 64, 512]
 INFO norm_debug: [encoder] layer=8 label=block.norm2 | l2=4100.1201 rms=1.0010 mean=-0.0000 mean_abs=0.8002 max_abs=6.2267 numel=16777216 shape=[512, 64, 512]
 INFO norm_debug: [encoder] layer=8 label=mlp.input | l2=4100.1201 rms=1.0010 mean=-0.0000 mean_abs=0.8002 max_abs=6.2267 numel=16777216 shape=[512, 64, 512]
 INFO norm_debug: [encoder] layer=8 label=mlp.fc1_out | l2=4830.5854 rms=0.5897 mean=-0.0066 mean_abs=0.4705 max_abs=3.4177 numel=67108864 shape=[512, 64, 2048]
 INFO norm_debug: [encoder] layer=8 label=mlp.gelu | l2=2846.7100 rms=0.3475 mean=0.1162 mean_abs=0.2330 max_abs=3.2255 numel=67108864 shape=[512, 64, 2048]
 INFO norm_debug: [encoder] layer=8 label=mlp.fc2_out | l2=870.9055 rms=0.2126 mean=0.0013 mean_abs=0.1694 max_abs=1.1820 numel=16777216 shape=[512, 64, 512]
 INFO norm_debug: [encoder] layer=8 label=block.mlp_out | l2=870.9055 rms=0.2126 mean=0.0013 mean_abs=0.1694 max_abs=1.1820 numel=16777216 shape=[512, 64, 512]
 INFO norm_debug: [encoder] layer=8 label=block.output | l2=4096.0132 rms=1.0000 mean=-0.0000 mean_abs=0.7992 max_abs=6.4115 numel=16777216 shape=[512, 64, 512]
 INFO norm_debug: [encoder] layer=8 label=encoder.post_block | l2=4096.0132 rms=1.0000 mean=-0.0000 mean_abs=0.7992 max_abs=6.4115 numel=16777216 shape=[512, 64, 512]
 INFO norm_debug: -- layer 8 end --
 INFO norm_debug: -- layer 9 begin --
 INFO norm_debug: [encoder] layer=9 label=encoder.pre_block | l2=4096.0132 rms=1.0000 mean=-0.0000 mean_abs=0.7992 max_abs=6.4115 numel=16777216 shape=[512, 64, 512]
 INFO norm_debug: [encoder] layer=9 label=block.input | l2=4096.0132 rms=1.0000 mean=-0.0000 mean_abs=0.7992 max_abs=6.4115 numel=16777216 shape=[512, 64, 512]
 INFO norm_debug: [encoder] layer=9 label=block.norm1 | l2=4098.7676 rms=1.0007 mean=0.0000 mean_abs=0.7997 max_abs=6.4190 numel=16777216 shape=[512, 64, 512]
 INFO norm_debug: [encoder] layer=9 label=attention.input | l2=4098.7676 rms=1.0007 mean=0.0000 mean_abs=0.7997 max_abs=6.4190 numel=16777216 shape=[512, 64, 512]
 INFO norm_debug: [encoder] layer=9 label=attention.q_linear | l2=2570.0764 rms=0.6275 mean=0.0098 mean_abs=0.5002 max_abs=3.3615 numel=16777216 shape=[512, 64, 512]
 INFO norm_debug: [encoder] layer=9 label=attention.k_linear | l2=2615.4377 rms=0.6385 mean=0.0071 mean_abs=0.5099 max_abs=3.4958 numel=16777216 shape=[512, 64, 512]
 INFO norm_debug: [encoder] layer=9 label=attention.v_linear | l2=2430.3347 rms=0.5933 mean=-0.0050 mean_abs=0.4737 max_abs=2.9748 numel=16777216 shape=[512, 64, 512]
 INFO norm_debug: [encoder] layer=9 label=attention.q_heads | l2=2570.0764 rms=0.6275 mean=0.0098 mean_abs=0.5002 max_abs=3.3615 numel=16777216 shape=[512, 8, 64, 64]
 INFO norm_debug: [encoder] layer=9 label=attention.k_heads | l2=2615.4377 rms=0.6385 mean=0.0071 mean_abs=0.5099 max_abs=3.4958 numel=16777216 shape=[512, 8, 64, 64]
 INFO norm_debug: [encoder] layer=9 label=attention.v_heads | l2=2430.3347 rms=0.5933 mean=-0.0050 mean_abs=0.4737 max_abs=2.9748 numel=16777216 shape=[512, 8, 64, 64]
 INFO norm_debug: [encoder] layer=9 label=attention.q_scaled | l2=321.2596 rms=0.0784 mean=0.0012 mean_abs=0.0625 max_abs=0.4202 numel=16777216 shape=[512, 8, 64, 64]
 INFO norm_debug: [encoder] layer=9 label=attention.attn_scores_base | l2=2273.3857 rms=0.5550 mean=-0.0550 mean_abs=0.4247 max_abs=10.1125 numel=16777216 shape=[512, 8, 64, 64]
 INFO norm_debug: [encoder] layer=9 label=attention.rel_scores | l2=173.3450 rms=0.0423 mean=0.0006 mean_abs=0.0335 max_abs=0.2477 numel=16777216 shape=[512, 8, 64, 64]
 INFO norm_debug: [encoder] layer=9 label=attention.attn_scores_combined | l2=2280.3882 rms=0.5567 mean=-0.0545 mean_abs=0.4261 max_abs=10.1895 numel=16777216 shape=[512, 8, 64, 64]
 INFO norm_debug: [encoder] layer=9 label=attention.attn_weights | l2=75.5502 rms=0.0184 mean=0.0156 mean_abs=0.0156 max_abs=0.9849 numel=16777216 shape=[512, 8, 64, 64]
 INFO norm_debug: [encoder] layer=9 label=attention.context_v | l2=1198.5970 rms=0.2926 mean=-0.0041 mean_abs=0.2292 max_abs=2.2723 numel=16777216 shape=[512, 8, 64, 64]
 INFO norm_debug: [encoder] layer=9 label=attention.context_rel_v | l2=42.5334 rms=0.0104 mean=0.0002 mean_abs=0.0081 max_abs=0.2101 numel=16777216 shape=[512, 8, 64, 64]
 INFO norm_debug: [encoder] layer=9 label=attention.context | l2=1199.6011 rms=0.2929 mean=-0.0039 mean_abs=0.2294 max_abs=2.2808 numel=16777216 shape=[512, 8, 64, 64]
 INFO norm_debug: [encoder] layer=9 label=attention.context_merged | l2=1199.6011 rms=0.2929 mean=-0.0039 mean_abs=0.2294 max_abs=2.2808 numel=16777216 shape=[512, 64, 512]
 INFO norm_debug: [encoder] layer=9 label=attention.output | l2=710.0909 rms=0.1734 mean=0.0046 mean_abs=0.1362 max_abs=1.0314 numel=16777216 shape=[512, 64, 512]
 INFO norm_debug: [encoder] layer=9 label=block.attn_out | l2=710.0909 rms=0.1734 mean=0.0046 mean_abs=0.1362 max_abs=1.0314 numel=16777216 shape=[512, 64, 512]
 INFO norm_debug: [encoder] layer=9 label=block.post_attn | l2=4153.3340 rms=1.0140 mean=0.0046 mean_abs=0.8104 max_abs=6.2259 numel=16777216 shape=[512, 64, 512]
 INFO norm_debug: [encoder] layer=9 label=block.norm2 | l2=4100.6108 rms=1.0011 mean=-0.0000 mean_abs=0.8002 max_abs=6.1973 numel=16777216 shape=[512, 64, 512]
 INFO norm_debug: [encoder] layer=9 label=mlp.input | l2=4100.6108 rms=1.0011 mean=-0.0000 mean_abs=0.8002 max_abs=6.1973 numel=16777216 shape=[512, 64, 512]
 INFO norm_debug: [encoder] layer=9 label=mlp.fc1_out | l2=4828.7412 rms=0.5894 mean=-0.0061 mean_abs=0.4705 max_abs=3.2050 numel=67108864 shape=[512, 64, 2048]
 INFO norm_debug: [encoder] layer=9 label=mlp.gelu | l2=2855.4768 rms=0.3486 mean=0.1164 mean_abs=0.2335 max_abs=3.2028 numel=67108864 shape=[512, 64, 2048]
 INFO norm_debug: [encoder] layer=9 label=mlp.fc2_out | l2=886.9142 rms=0.2165 mean=0.0037 mean_abs=0.1726 max_abs=1.1090 numel=16777216 shape=[512, 64, 512]
 INFO norm_debug: [encoder] layer=9 label=block.mlp_out | l2=886.9142 rms=0.2165 mean=0.0037 mean_abs=0.1726 max_abs=1.1090 numel=16777216 shape=[512, 64, 512]
 INFO norm_debug: [encoder] layer=9 label=block.output | l2=4096.0278 rms=1.0000 mean=-0.0000 mean_abs=0.7992 max_abs=5.8731 numel=16777216 shape=[512, 64, 512]
 INFO norm_debug: [encoder] layer=9 label=encoder.post_block | l2=4096.0278 rms=1.0000 mean=-0.0000 mean_abs=0.7992 max_abs=5.8731 numel=16777216 shape=[512, 64, 512]
 INFO norm_debug: -- layer 9 end --
 INFO norm_debug: -- layer 10 begin --
 INFO norm_debug: [encoder] layer=10 label=encoder.pre_block | l2=4096.0278 rms=1.0000 mean=-0.0000 mean_abs=0.7992 max_abs=5.8731 numel=16777216 shape=[512, 64, 512]
 INFO norm_debug: [encoder] layer=10 label=block.input | l2=4096.0278 rms=1.0000 mean=-0.0000 mean_abs=0.7992 max_abs=5.8731 numel=16777216 shape=[512, 64, 512]
 INFO norm_debug: [encoder] layer=10 label=block.norm1 | l2=4097.7168 rms=1.0004 mean=0.0000 mean_abs=0.7996 max_abs=5.8726 numel=16777216 shape=[512, 64, 512]
 INFO norm_debug: [encoder] layer=10 label=attention.input | l2=4097.7168 rms=1.0004 mean=0.0000 mean_abs=0.7996 max_abs=5.8726 numel=16777216 shape=[512, 64, 512]
 INFO norm_debug: [encoder] layer=10 label=attention.q_linear | l2=2530.4370 rms=0.6178 mean=0.0051 mean_abs=0.4927 max_abs=3.2132 numel=16777216 shape=[512, 64, 512]
 INFO norm_debug: [encoder] layer=10 label=attention.k_linear | l2=2579.6267 rms=0.6298 mean=0.0018 mean_abs=0.5031 max_abs=3.1801 numel=16777216 shape=[512, 64, 512]
 INFO norm_debug: [encoder] layer=10 label=attention.v_linear | l2=2420.1519 rms=0.5909 mean=-0.0065 mean_abs=0.4713 max_abs=2.9397 numel=16777216 shape=[512, 64, 512]
 INFO norm_debug: [encoder] layer=10 label=attention.q_heads | l2=2530.4370 rms=0.6178 mean=0.0051 mean_abs=0.4927 max_abs=3.2132 numel=16777216 shape=[512, 8, 64, 64]
 INFO norm_debug: [encoder] layer=10 label=attention.k_heads | l2=2579.6267 rms=0.6298 mean=0.0018 mean_abs=0.5031 max_abs=3.1801 numel=16777216 shape=[512, 8, 64, 64]
 INFO norm_debug: [encoder] layer=10 label=attention.v_heads | l2=2420.1519 rms=0.5909 mean=-0.0065 mean_abs=0.4713 max_abs=2.9397 numel=16777216 shape=[512, 8, 64, 64]
 INFO norm_debug: [encoder] layer=10 label=attention.q_scaled | l2=316.3046 rms=0.0772 mean=0.0006 mean_abs=0.0616 max_abs=0.4016 numel=16777216 shape=[512, 8, 64, 64]
 INFO norm_debug: [encoder] layer=10 label=attention.attn_scores_base | l2=2190.3164 rms=0.5347 mean=-0.0393 mean_abs=0.4211 max_abs=6.8103 numel=16777216 shape=[512, 8, 64, 64]
 INFO norm_debug: [encoder] layer=10 label=attention.rel_scores | l2=170.0807 rms=0.0415 mean=0.0003 mean_abs=0.0330 max_abs=0.2446 numel=16777216 shape=[512, 8, 64, 64]
 INFO norm_debug: [encoder] layer=10 label=attention.attn_scores_combined | l2=2195.8911 rms=0.5361 mean=-0.0389 mean_abs=0.4223 max_abs=6.8049 numel=16777216 shape=[512, 8, 64, 64]
 INFO norm_debug: [encoder] layer=10 label=attention.attn_weights | l2=72.2102 rms=0.0176 mean=0.0156 mean_abs=0.0156 max_abs=0.8679 numel=16777216 shape=[512, 8, 64, 64]
 INFO norm_debug: [encoder] layer=10 label=attention.context_v | l2=1257.9811 rms=0.3071 mean=-0.0072 mean_abs=0.2407 max_abs=1.9010 numel=16777216 shape=[512, 8, 64, 64]
 INFO norm_debug: [encoder] layer=10 label=attention.context_rel_v | l2=38.7271 rms=0.0095 mean=-0.0001 mean_abs=0.0075 max_abs=0.1366 numel=16777216 shape=[512, 8, 64, 64]
 INFO norm_debug: [encoder] layer=10 label=attention.context | l2=1258.2720 rms=0.3072 mean=-0.0073 mean_abs=0.2408 max_abs=1.9002 numel=16777216 shape=[512, 8, 64, 64]
 INFO norm_debug: [encoder] layer=10 label=attention.context_merged | l2=1258.2720 rms=0.3072 mean=-0.0073 mean_abs=0.2408 max_abs=1.9002 numel=16777216 shape=[512, 64, 512]
 INFO norm_debug: [encoder] layer=10 label=attention.output | l2=740.7407 rms=0.1808 mean=-0.0025 mean_abs=0.1419 max_abs=1.1904 numel=16777216 shape=[512, 64, 512]
 INFO norm_debug: [encoder] layer=10 label=block.attn_out | l2=740.7407 rms=0.1808 mean=-0.0025 mean_abs=0.1419 max_abs=1.1904 numel=16777216 shape=[512, 64, 512]
 INFO norm_debug: [encoder] layer=10 label=block.post_attn | l2=4182.4248 rms=1.0211 mean=-0.0025 mean_abs=0.8162 max_abs=6.1272 numel=16777216 shape=[512, 64, 512]
 INFO norm_debug: [encoder] layer=10 label=block.norm2 | l2=4100.9004 rms=1.0012 mean=-0.0000 mean_abs=0.8003 max_abs=6.0409 numel=16777216 shape=[512, 64, 512]
 INFO norm_debug: [encoder] layer=10 label=mlp.input | l2=4100.9004 rms=1.0012 mean=-0.0000 mean_abs=0.8003 max_abs=6.0409 numel=16777216 shape=[512, 64, 512]
 INFO norm_debug: [encoder] layer=10 label=mlp.fc1_out | l2=4850.2939 rms=0.5921 mean=-0.0078 mean_abs=0.4724 max_abs=3.1913 numel=67108864 shape=[512, 64, 2048]
 INFO norm_debug: [encoder] layer=10 label=mlp.gelu | l2=2848.4827 rms=0.3477 mean=0.1165 mean_abs=0.2334 max_abs=3.1890 numel=67108864 shape=[512, 64, 2048]
 INFO norm_debug: [encoder] layer=10 label=mlp.fc2_out | l2=877.4639 rms=0.2142 mean=-0.0037 mean_abs=0.1710 max_abs=1.0965 numel=16777216 shape=[512, 64, 512]
 INFO norm_debug: [encoder] layer=10 label=block.mlp_out | l2=877.4639 rms=0.2142 mean=-0.0037 mean_abs=0.1710 max_abs=1.0965 numel=16777216 shape=[512, 64, 512]
 INFO norm_debug: [encoder] layer=10 label=block.output | l2=4096.0171 rms=1.0000 mean=0.0000 mean_abs=0.7998 max_abs=6.2490 numel=16777216 shape=[512, 64, 512]
 INFO norm_debug: [encoder] layer=10 label=encoder.post_block | l2=4096.0171 rms=1.0000 mean=0.0000 mean_abs=0.7998 max_abs=6.2490 numel=16777216 shape=[512, 64, 512]
 INFO norm_debug: -- layer 10 end --
 INFO norm_debug: -- layer 11 begin --
 INFO norm_debug: [encoder] layer=11 label=encoder.pre_block | l2=4096.0171 rms=1.0000 mean=0.0000 mean_abs=0.7998 max_abs=6.2490 numel=16777216 shape=[512, 64, 512]
 INFO norm_debug: [encoder] layer=11 label=block.input | l2=4096.0171 rms=1.0000 mean=0.0000 mean_abs=0.7998 max_abs=6.2490 numel=16777216 shape=[512, 64, 512]
 INFO norm_debug: [encoder] layer=11 label=block.norm1 | l2=4097.9229 rms=1.0005 mean=0.0000 mean_abs=0.8001 max_abs=6.2791 numel=16777216 shape=[512, 64, 512]
 INFO norm_debug: [encoder] layer=11 label=attention.input | l2=4097.9229 rms=1.0005 mean=0.0000 mean_abs=0.8001 max_abs=6.2791 numel=16777216 shape=[512, 64, 512]
 INFO norm_debug: [encoder] layer=11 label=attention.q_linear | l2=2563.7700 rms=0.6259 mean=-0.0070 mean_abs=0.4994 max_abs=3.3943 numel=16777216 shape=[512, 64, 512]
 INFO norm_debug: [encoder] layer=11 label=attention.k_linear | l2=2641.8127 rms=0.6450 mean=0.0037 mean_abs=0.5154 max_abs=3.6214 numel=16777216 shape=[512, 64, 512]
 INFO norm_debug: [encoder] layer=11 label=attention.v_linear | l2=2381.7852 rms=0.5815 mean=0.0002 mean_abs=0.4644 max_abs=2.9180 numel=16777216 shape=[512, 64, 512]
 INFO norm_debug: [encoder] layer=11 label=attention.q_heads | l2=2563.7700 rms=0.6259 mean=-0.0070 mean_abs=0.4994 max_abs=3.3943 numel=16777216 shape=[512, 8, 64, 64]
 INFO norm_debug: [encoder] layer=11 label=attention.k_heads | l2=2641.8127 rms=0.6450 mean=0.0037 mean_abs=0.5154 max_abs=3.6214 numel=16777216 shape=[512, 8, 64, 64]
 INFO norm_debug: [encoder] layer=11 label=attention.v_heads | l2=2381.7852 rms=0.5815 mean=0.0002 mean_abs=0.4644 max_abs=2.9180 numel=16777216 shape=[512, 8, 64, 64]
 INFO norm_debug: [encoder] layer=11 label=attention.q_scaled | l2=320.4713 rms=0.0782 mean=-0.0009 mean_abs=0.0624 max_abs=0.4243 numel=16777216 shape=[512, 8, 64, 64]
 INFO norm_debug: [encoder] layer=11 label=attention.attn_scores_base | l2=2475.5073 rms=0.6044 mean=-0.0155 mean_abs=0.4701 max_abs=6.1813 numel=16777216 shape=[512, 8, 64, 64]
 INFO norm_debug: [encoder] layer=11 label=attention.rel_scores | l2=173.2762 rms=0.0423 mean=0.0001 mean_abs=0.0336 max_abs=0.2566 numel=16777216 shape=[512, 8, 64, 64]
 INFO norm_debug: [encoder] layer=11 label=attention.attn_scores_combined | l2=2481.4155 rms=0.6058 mean=-0.0154 mean_abs=0.4712 max_abs=6.1815 numel=16777216 shape=[512, 8, 64, 64]
 INFO norm_debug: [encoder] layer=11 label=attention.attn_weights | l2=74.2657 rms=0.0181 mean=0.0156 mean_abs=0.0156 max_abs=0.7796 numel=16777216 shape=[512, 8, 64, 64]
 INFO norm_debug: [encoder] layer=11 label=attention.context_v | l2=1297.6829 rms=0.3168 mean=-0.0004 mean_abs=0.2489 max_abs=1.8630 numel=16777216 shape=[512, 8, 64, 64]
 INFO norm_debug: [encoder] layer=11 label=attention.context_rel_v | l2=39.0805 rms=0.0095 mean=-0.0006 mean_abs=0.0076 max_abs=0.1297 numel=16777216 shape=[512, 8, 64, 64]
 INFO norm_debug: [encoder] layer=11 label=attention.context | l2=1299.1145 rms=0.3172 mean=-0.0010 mean_abs=0.2492 max_abs=1.8515 numel=16777216 shape=[512, 8, 64, 64]
 INFO norm_debug: [encoder] layer=11 label=attention.context_merged | l2=1299.1145 rms=0.3172 mean=-0.0010 mean_abs=0.2492 max_abs=1.8515 numel=16777216 shape=[512, 64, 512]
 INFO norm_debug: [encoder] layer=11 label=attention.output | l2=760.0370 rms=0.1856 mean=-0.0014 mean_abs=0.1461 max_abs=1.0774 numel=16777216 shape=[512, 64, 512]
 INFO norm_debug: [encoder] layer=11 label=block.attn_out | l2=760.0370 rms=0.1856 mean=-0.0014 mean_abs=0.1461 max_abs=1.0774 numel=16777216 shape=[512, 64, 512]
 INFO norm_debug: [encoder] layer=11 label=block.post_attn | l2=4172.7266 rms=1.0187 mean=-0.0014 mean_abs=0.8151 max_abs=6.1753 numel=16777216 shape=[512, 64, 512]
 INFO norm_debug: [encoder] layer=11 label=block.norm2 | l2=4100.7163 rms=1.0012 mean=-0.0000 mean_abs=0.8011 max_abs=6.0811 numel=16777216 shape=[512, 64, 512]
 INFO norm_debug: [encoder] layer=11 label=mlp.input | l2=4100.7163 rms=1.0012 mean=-0.0000 mean_abs=0.8011 max_abs=6.0811 numel=16777216 shape=[512, 64, 512]
 INFO norm_debug: [encoder] layer=11 label=mlp.fc1_out | l2=4862.7759 rms=0.5936 mean=-0.0046 mean_abs=0.4733 max_abs=3.4641 numel=67108864 shape=[512, 64, 2048]
 INFO norm_debug: [encoder] layer=11 label=mlp.gelu | l2=2874.8774 rms=0.3509 mean=0.1185 mean_abs=0.2350 max_abs=3.0439 numel=67108864 shape=[512, 64, 2048]
 INFO norm_debug: [encoder] layer=11 label=mlp.fc2_out | l2=894.8278 rms=0.2185 mean=0.0022 mean_abs=0.1741 max_abs=1.2683 numel=16777216 shape=[512, 64, 512]
 INFO norm_debug: [encoder] layer=11 label=block.mlp_out | l2=894.8278 rms=0.2185 mean=0.0022 mean_abs=0.1741 max_abs=1.2683 numel=16777216 shape=[512, 64, 512]
 INFO norm_debug: [encoder] layer=11 label=block.output | l2=4096.0020 rms=1.0000 mean=0.0000 mean_abs=0.8002 max_abs=5.9469 numel=16777216 shape=[512, 64, 512]
 INFO norm_debug: [encoder] layer=11 label=encoder.post_block | l2=4096.0020 rms=1.0000 mean=0.0000 mean_abs=0.8002 max_abs=5.9469 numel=16777216 shape=[512, 64, 512]
 INFO norm_debug: -- layer 11 end --
 INFO norm_debug: -- layer 12 begin --
 INFO norm_debug: [encoder] layer=12 label=encoder.pre_block | l2=4096.0020 rms=1.0000 mean=0.0000 mean_abs=0.8002 max_abs=5.9469 numel=16777216 shape=[512, 64, 512]
 INFO norm_debug: [encoder] layer=12 label=block.input | l2=4096.0020 rms=1.0000 mean=0.0000 mean_abs=0.8002 max_abs=5.9469 numel=16777216 shape=[512, 64, 512]
 INFO norm_debug: [encoder] layer=12 label=block.norm1 | l2=4097.0547 rms=1.0003 mean=0.0000 mean_abs=0.8004 max_abs=5.9554 numel=16777216 shape=[512, 64, 512]
 INFO norm_debug: [encoder] layer=12 label=attention.input | l2=4097.0547 rms=1.0003 mean=0.0000 mean_abs=0.8004 max_abs=5.9554 numel=16777216 shape=[512, 64, 512]
 INFO norm_debug: [encoder] layer=12 label=attention.q_linear | l2=2490.0012 rms=0.6079 mean=0.0031 mean_abs=0.4850 max_abs=3.1047 numel=16777216 shape=[512, 64, 512]
 INFO norm_debug: [encoder] layer=12 label=attention.k_linear | l2=2573.7209 rms=0.6283 mean=0.0000 mean_abs=0.5003 max_abs=3.3543 numel=16777216 shape=[512, 64, 512]
 INFO norm_debug: [encoder] layer=12 label=attention.v_linear | l2=2407.7156 rms=0.5878 mean=-0.0043 mean_abs=0.4697 max_abs=3.1089 numel=16777216 shape=[512, 64, 512]
 INFO norm_debug: [encoder] layer=12 label=attention.q_heads | l2=2490.0012 rms=0.6079 mean=0.0031 mean_abs=0.4850 max_abs=3.1047 numel=16777216 shape=[512, 8, 64, 64]
 INFO norm_debug: [encoder] layer=12 label=attention.k_heads | l2=2573.7209 rms=0.6283 mean=0.0000 mean_abs=0.5003 max_abs=3.3543 numel=16777216 shape=[512, 8, 64, 64]
 INFO norm_debug: [encoder] layer=12 label=attention.v_heads | l2=2407.7156 rms=0.5878 mean=-0.0043 mean_abs=0.4697 max_abs=3.1089 numel=16777216 shape=[512, 8, 64, 64]
 INFO norm_debug: [encoder] layer=12 label=attention.q_scaled | l2=311.2502 rms=0.0760 mean=0.0004 mean_abs=0.0606 max_abs=0.3881 numel=16777216 shape=[512, 8, 64, 64]
 INFO norm_debug: [encoder] layer=12 label=attention.attn_scores_base | l2=2144.4680 rms=0.5236 mean=-0.0061 mean_abs=0.4022 max_abs=7.0288 numel=16777216 shape=[512, 8, 64, 64]
 INFO norm_debug: [encoder] layer=12 label=attention.rel_scores | l2=166.3395 rms=0.0406 mean=0.0007 mean_abs=0.0323 max_abs=0.2392 numel=16777216 shape=[512, 8, 64, 64]
 INFO norm_debug: [encoder] layer=12 label=attention.attn_scores_combined | l2=2150.8447 rms=0.5251 mean=-0.0054 mean_abs=0.4035 max_abs=7.1457 numel=16777216 shape=[512, 8, 64, 64]
 INFO norm_debug: [encoder] layer=12 label=attention.attn_weights | l2=71.2012 rms=0.0174 mean=0.0156 mean_abs=0.0156 max_abs=0.8846 numel=16777216 shape=[512, 8, 64, 64]
 INFO norm_debug: [encoder] layer=12 label=attention.context_v | l2=1334.0551 rms=0.3257 mean=-0.0044 mean_abs=0.2548 max_abs=1.9387 numel=16777216 shape=[512, 8, 64, 64]
 INFO norm_debug: [encoder] layer=12 label=attention.context_rel_v | l2=38.6728 rms=0.0094 mean=0.0010 mean_abs=0.0076 max_abs=0.1522 numel=16777216 shape=[512, 8, 64, 64]
 INFO norm_debug: [encoder] layer=12 label=attention.context | l2=1334.0284 rms=0.3257 mean=-0.0035 mean_abs=0.2548 max_abs=1.9335 numel=16777216 shape=[512, 8, 64, 64]
 INFO norm_debug: [encoder] layer=12 label=attention.context_merged | l2=1334.0284 rms=0.3257 mean=-0.0035 mean_abs=0.2548 max_abs=1.9335 numel=16777216 shape=[512, 64, 512]
 INFO norm_debug: [encoder] layer=12 label=attention.output | l2=781.4048 rms=0.1908 mean=-0.0042 mean_abs=0.1496 max_abs=1.0880 numel=16777216 shape=[512, 64, 512]
 INFO norm_debug: [encoder] layer=12 label=block.attn_out | l2=781.4048 rms=0.1908 mean=-0.0042 mean_abs=0.1496 max_abs=1.0880 numel=16777216 shape=[512, 64, 512]
 INFO norm_debug: [encoder] layer=12 label=block.post_attn | l2=4181.6470 rms=1.0209 mean=-0.0042 mean_abs=0.8168 max_abs=5.7913 numel=16777216 shape=[512, 64, 512]
 INFO norm_debug: [encoder] layer=12 label=block.norm2 | l2=4100.9805 rms=1.0012 mean=-0.0000 mean_abs=0.8011 max_abs=5.6554 numel=16777216 shape=[512, 64, 512]
 INFO norm_debug: [encoder] layer=12 label=mlp.input | l2=4100.9805 rms=1.0012 mean=-0.0000 mean_abs=0.8011 max_abs=5.6554 numel=16777216 shape=[512, 64, 512]
 INFO norm_debug: [encoder] layer=12 label=mlp.fc1_out | l2=4863.6606 rms=0.5937 mean=-0.0023 mean_abs=0.4738 max_abs=3.2624 numel=67108864 shape=[512, 64, 2048]
 INFO norm_debug: [encoder] layer=12 label=mlp.gelu | l2=2892.1255 rms=0.3530 mean=0.1198 mean_abs=0.2362 max_abs=3.2606 numel=67108864 shape=[512, 64, 2048]
 INFO norm_debug: [encoder] layer=12 label=mlp.fc2_out | l2=917.1047 rms=0.2239 mean=-0.0024 mean_abs=0.1788 max_abs=1.1714 numel=16777216 shape=[512, 64, 512]
 INFO norm_debug: [encoder] layer=12 label=block.mlp_out | l2=917.1047 rms=0.2239 mean=-0.0024 mean_abs=0.1788 max_abs=1.1714 numel=16777216 shape=[512, 64, 512]
 INFO norm_debug: [encoder] layer=12 label=block.output | l2=4096.0664 rms=1.0000 mean=-0.0000 mean_abs=0.8000 max_abs=5.7842 numel=16777216 shape=[512, 64, 512]
 INFO norm_debug: [encoder] layer=12 label=encoder.post_block | l2=4096.0664 rms=1.0000 mean=-0.0000 mean_abs=0.8000 max_abs=5.7842 numel=16777216 shape=[512, 64, 512]
 INFO norm_debug: -- layer 12 end --
 INFO norm_debug: -- layer 13 begin --
 INFO norm_debug: [encoder] layer=13 label=encoder.pre_block | l2=4096.0664 rms=1.0000 mean=-0.0000 mean_abs=0.8000 max_abs=5.7842 numel=16777216 shape=[512, 64, 512]
 INFO norm_debug: [encoder] layer=13 label=block.input | l2=4096.0664 rms=1.0000 mean=-0.0000 mean_abs=0.8000 max_abs=5.7842 numel=16777216 shape=[512, 64, 512]
 INFO norm_debug: [encoder] layer=13 label=block.norm1 | l2=4097.0942 rms=1.0003 mean=0.0000 mean_abs=0.8002 max_abs=5.7889 numel=16777216 shape=[512, 64, 512]
 INFO norm_debug: [encoder] layer=13 label=attention.input | l2=4097.0942 rms=1.0003 mean=0.0000 mean_abs=0.8002 max_abs=5.7889 numel=16777216 shape=[512, 64, 512]
 INFO norm_debug: [encoder] layer=13 label=attention.q_linear | l2=2493.8408 rms=0.6088 mean=-0.0054 mean_abs=0.4861 max_abs=3.2481 numel=16777216 shape=[512, 64, 512]
 INFO norm_debug: [encoder] layer=13 label=attention.k_linear | l2=2590.1641 rms=0.6324 mean=0.0008 mean_abs=0.5054 max_abs=3.2187 numel=16777216 shape=[512, 64, 512]
 INFO norm_debug: [encoder] layer=13 label=attention.v_linear | l2=2400.0662 rms=0.5860 mean=0.0089 mean_abs=0.4682 max_abs=3.1322 numel=16777216 shape=[512, 64, 512]
 INFO norm_debug: [encoder] layer=13 label=attention.q_heads | l2=2493.8408 rms=0.6088 mean=-0.0054 mean_abs=0.4861 max_abs=3.2481 numel=16777216 shape=[512, 8, 64, 64]
 INFO norm_debug: [encoder] layer=13 label=attention.k_heads | l2=2590.1641 rms=0.6324 mean=0.0008 mean_abs=0.5054 max_abs=3.2187 numel=16777216 shape=[512, 8, 64, 64]
 INFO norm_debug: [encoder] layer=13 label=attention.v_heads | l2=2400.0662 rms=0.5860 mean=0.0089 mean_abs=0.4682 max_abs=3.1322 numel=16777216 shape=[512, 8, 64, 64]
 INFO norm_debug: [encoder] layer=13 label=attention.q_scaled | l2=311.7301 rms=0.0761 mean=-0.0007 mean_abs=0.0608 max_abs=0.4060 numel=16777216 shape=[512, 8, 64, 64]
 INFO norm_debug: [encoder] layer=13 label=attention.attn_scores_base | l2=2163.2625 rms=0.5281 mean=-0.0286 mean_abs=0.4084 max_abs=3.9968 numel=16777216 shape=[512, 8, 64, 64]
 INFO norm_debug: [encoder] layer=13 label=attention.rel_scores | l2=166.7796 rms=0.0407 mean=0.0003 mean_abs=0.0323 max_abs=0.2529 numel=16777216 shape=[512, 8, 64, 64]
 INFO norm_debug: [encoder] layer=13 label=attention.attn_scores_combined | l2=2170.6812 rms=0.5300 mean=-0.0283 mean_abs=0.4099 max_abs=3.9406 numel=16777216 shape=[512, 8, 64, 64]
 INFO norm_debug: [encoder] layer=13 label=attention.attn_weights | l2=71.2415 rms=0.0174 mean=0.0156 mean_abs=0.0156 max_abs=0.3406 numel=16777216 shape=[512, 8, 64, 64]
 INFO norm_debug: [encoder] layer=13 label=attention.context_v | l2=1377.5829 rms=0.3363 mean=0.0086 mean_abs=0.2633 max_abs=2.1363 numel=16777216 shape=[512, 8, 64, 64]
 INFO norm_debug: [encoder] layer=13 label=attention.context_rel_v | l2=36.9389 rms=0.0090 mean=0.0003 mean_abs=0.0071 max_abs=0.0762 numel=16777216 shape=[512, 8, 64, 64]
 INFO norm_debug: [encoder] layer=13 label=attention.context | l2=1377.6343 rms=0.3363 mean=0.0089 mean_abs=0.2633 max_abs=2.1467 numel=16777216 shape=[512, 8, 64, 64]
 INFO norm_debug: [encoder] layer=13 label=attention.context_merged | l2=1377.6343 rms=0.3363 mean=0.0089 mean_abs=0.2633 max_abs=2.1467 numel=16777216 shape=[512, 64, 512]
 INFO norm_debug: [encoder] layer=13 label=attention.output | l2=805.0493 rms=0.1965 mean=-0.0018 mean_abs=0.1545 max_abs=1.2806 numel=16777216 shape=[512, 64, 512]
 INFO norm_debug: [encoder] layer=13 label=block.attn_out | l2=805.0493 rms=0.1965 mean=-0.0018 mean_abs=0.1545 max_abs=1.2806 numel=16777216 shape=[512, 64, 512]
 INFO norm_debug: [encoder] layer=13 label=block.post_attn | l2=4186.1167 rms=1.0220 mean=-0.0018 mean_abs=0.8171 max_abs=5.9453 numel=16777216 shape=[512, 64, 512]
 INFO norm_debug: [encoder] layer=13 label=block.norm2 | l2=4101.0723 rms=1.0012 mean=-0.0000 mean_abs=0.8006 max_abs=5.8772 numel=16777216 shape=[512, 64, 512]
 INFO norm_debug: [encoder] layer=13 label=mlp.input | l2=4101.0723 rms=1.0012 mean=-0.0000 mean_abs=0.8006 max_abs=5.8772 numel=16777216 shape=[512, 64, 512]
 INFO norm_debug: [encoder] layer=13 label=mlp.fc1_out | l2=4857.3828 rms=0.5929 mean=-0.0100 mean_abs=0.4725 max_abs=3.2881 numel=67108864 shape=[512, 64, 2048]
 INFO norm_debug: [encoder] layer=13 label=mlp.gelu | l2=2858.9070 rms=0.3490 mean=0.1156 mean_abs=0.2332 max_abs=3.2865 numel=67108864 shape=[512, 64, 2048]
 INFO norm_debug: [encoder] layer=13 label=mlp.fc2_out | l2=914.1659 rms=0.2232 mean=0.0018 mean_abs=0.1773 max_abs=1.2552 numel=16777216 shape=[512, 64, 512]
 INFO norm_debug: [encoder] layer=13 label=block.mlp_out | l2=914.1659 rms=0.2232 mean=0.0018 mean_abs=0.1773 max_abs=1.2552 numel=16777216 shape=[512, 64, 512]
 INFO norm_debug: [encoder] layer=13 label=block.output | l2=4096.1641 rms=1.0000 mean=0.0000 mean_abs=0.7989 max_abs=5.8617 numel=16777216 shape=[512, 64, 512]
 INFO norm_debug: [encoder] layer=13 label=encoder.post_block | l2=4096.1641 rms=1.0000 mean=0.0000 mean_abs=0.7989 max_abs=5.8617 numel=16777216 shape=[512, 64, 512]
 INFO norm_debug: -- layer 13 end --
 INFO norm_debug: -- layer 14 begin --
 INFO norm_debug: [encoder] layer=14 label=encoder.pre_block | l2=4096.1641 rms=1.0000 mean=0.0000 mean_abs=0.7989 max_abs=5.8617 numel=16777216 shape=[512, 64, 512]
 INFO norm_debug: [encoder] layer=14 label=block.input | l2=4096.1641 rms=1.0000 mean=0.0000 mean_abs=0.7989 max_abs=5.8617 numel=16777216 shape=[512, 64, 512]
 INFO norm_debug: [encoder] layer=14 label=block.norm1 | l2=4096.3535 rms=1.0001 mean=0.0000 mean_abs=0.7989 max_abs=5.8645 numel=16777216 shape=[512, 64, 512]
 INFO norm_debug: [encoder] layer=14 label=attention.input | l2=4096.3535 rms=1.0001 mean=0.0000 mean_abs=0.7989 max_abs=5.8645 numel=16777216 shape=[512, 64, 512]
 INFO norm_debug: [encoder] layer=14 label=attention.q_linear | l2=2494.9763 rms=0.6091 mean=0.0081 mean_abs=0.4846 max_abs=3.3270 numel=16777216 shape=[512, 64, 512]
 INFO norm_debug: [encoder] layer=14 label=attention.k_linear | l2=2558.1155 rms=0.6245 mean=-0.0076 mean_abs=0.4982 max_abs=3.4059 numel=16777216 shape=[512, 64, 512]
 INFO norm_debug: [encoder] layer=14 label=attention.v_linear | l2=2401.6167 rms=0.5863 mean=-0.0058 mean_abs=0.4682 max_abs=3.2997 numel=16777216 shape=[512, 64, 512]
 INFO norm_debug: [encoder] layer=14 label=attention.q_heads | l2=2494.9763 rms=0.6091 mean=0.0081 mean_abs=0.4846 max_abs=3.3270 numel=16777216 shape=[512, 8, 64, 64]
 INFO norm_debug: [encoder] layer=14 label=attention.k_heads | l2=2558.1155 rms=0.6245 mean=-0.0076 mean_abs=0.4982 max_abs=3.4059 numel=16777216 shape=[512, 8, 64, 64]
 INFO norm_debug: [encoder] layer=14 label=attention.v_heads | l2=2401.6167 rms=0.5863 mean=-0.0058 mean_abs=0.4682 max_abs=3.2997 numel=16777216 shape=[512, 8, 64, 64]
 INFO norm_debug: [encoder] layer=14 label=attention.q_scaled | l2=311.8720 rms=0.0761 mean=0.0010 mean_abs=0.0606 max_abs=0.4159 numel=16777216 shape=[512, 8, 64, 64]
 INFO norm_debug: [encoder] layer=14 label=attention.attn_scores_base | l2=2044.9962 rms=0.4993 mean=-0.0424 mean_abs=0.3878 max_abs=3.7349 numel=16777216 shape=[512, 8, 64, 64]
 INFO norm_debug: [encoder] layer=14 label=attention.rel_scores | l2=163.2571 rms=0.0399 mean=0.0004 mean_abs=0.0317 max_abs=0.2496 numel=16777216 shape=[512, 8, 64, 64]
 INFO norm_debug: [encoder] layer=14 label=attention.attn_scores_combined | l2=2049.8198 rms=0.5004 mean=-0.0420 mean_abs=0.3889 max_abs=3.6585 numel=16777216 shape=[512, 8, 64, 64]
 INFO norm_debug: [encoder] layer=14 label=attention.attn_weights | l2=70.2516 rms=0.0172 mean=0.0156 mean_abs=0.0156 max_abs=0.2405 numel=16777216 shape=[512, 8, 64, 64]
 INFO norm_debug: [encoder] layer=14 label=attention.context_v | l2=1397.5260 rms=0.3412 mean=-0.0037 mean_abs=0.2675 max_abs=2.1941 numel=16777216 shape=[512, 8, 64, 64]
 INFO norm_debug: [encoder] layer=14 label=attention.context_rel_v | l2=37.8563 rms=0.0092 mean=0.0008 mean_abs=0.0074 max_abs=0.0660 numel=16777216 shape=[512, 8, 64, 64]
 INFO norm_debug: [encoder] layer=14 label=attention.context | l2=1397.8857 rms=0.3413 mean=-0.0029 mean_abs=0.2676 max_abs=2.2135 numel=16777216 shape=[512, 8, 64, 64]
 INFO norm_debug: [encoder] layer=14 label=attention.context_merged | l2=1397.8857 rms=0.3413 mean=-0.0029 mean_abs=0.2676 max_abs=2.2135 numel=16777216 shape=[512, 64, 512]
 INFO norm_debug: [encoder] layer=14 label=attention.output | l2=824.4724 rms=0.2013 mean=0.0014 mean_abs=0.1585 max_abs=1.1009 numel=16777216 shape=[512, 64, 512]
 INFO norm_debug: [encoder] layer=14 label=block.attn_out | l2=824.4724 rms=0.2013 mean=0.0014 mean_abs=0.1585 max_abs=1.1009 numel=16777216 shape=[512, 64, 512]
 INFO norm_debug: [encoder] layer=14 label=block.post_attn | l2=4183.1240 rms=1.0213 mean=0.0014 mean_abs=0.8160 max_abs=5.8985 numel=16777216 shape=[512, 64, 512]
 INFO norm_debug: [encoder] layer=14 label=block.norm2 | l2=4101.0205 rms=1.0012 mean=-0.0000 mean_abs=0.8001 max_abs=5.8918 numel=16777216 shape=[512, 64, 512]
 INFO norm_debug: [encoder] layer=14 label=mlp.input | l2=4101.0205 rms=1.0012 mean=-0.0000 mean_abs=0.8001 max_abs=5.8918 numel=16777216 shape=[512, 64, 512]
 INFO norm_debug: [encoder] layer=14 label=mlp.fc1_out | l2=4891.2168 rms=0.5971 mean=-0.0075 mean_abs=0.4761 max_abs=3.1860 numel=67108864 shape=[512, 64, 2048]
 INFO norm_debug: [encoder] layer=14 label=mlp.gelu | l2=2885.2109 rms=0.3522 mean=0.1183 mean_abs=0.2355 max_abs=3.1401 numel=67108864 shape=[512, 64, 2048]
 INFO norm_debug: [encoder] layer=14 label=mlp.fc2_out | l2=936.4483 rms=0.2286 mean=-0.0020 mean_abs=0.1821 max_abs=1.1502 numel=16777216 shape=[512, 64, 512]
 INFO norm_debug: [encoder] layer=14 label=block.mlp_out | l2=936.4483 rms=0.2286 mean=-0.0020 mean_abs=0.1821 max_abs=1.1502 numel=16777216 shape=[512, 64, 512]
 INFO norm_debug: [encoder] layer=14 label=block.output | l2=4096.2505 rms=1.0001 mean=0.0000 mean_abs=0.7989 max_abs=5.4900 numel=16777216 shape=[512, 64, 512]
 INFO norm_debug: [encoder] layer=14 label=encoder.post_block | l2=4096.2505 rms=1.0001 mean=0.0000 mean_abs=0.7989 max_abs=5.4900 numel=16777216 shape=[512, 64, 512]
 INFO norm_debug: -- layer 14 end --
 INFO norm_debug: -- layer 15 begin --
 INFO norm_debug: [encoder] layer=15 label=encoder.pre_block | l2=4096.2505 rms=1.0001 mean=0.0000 mean_abs=0.7989 max_abs=5.4900 numel=16777216 shape=[512, 64, 512]
 INFO norm_debug: [encoder] layer=15 label=block.input | l2=4096.2505 rms=1.0001 mean=0.0000 mean_abs=0.7989 max_abs=5.4900 numel=16777216 shape=[512, 64, 512]
 INFO norm_debug: [encoder] layer=15 label=block.norm1 | l2=4096.5532 rms=1.0001 mean=0.0000 mean_abs=0.7989 max_abs=5.4977 numel=16777216 shape=[512, 64, 512]
 INFO norm_debug: [encoder] layer=15 label=attention.input | l2=4096.5532 rms=1.0001 mean=0.0000 mean_abs=0.7989 max_abs=5.4977 numel=16777216 shape=[512, 64, 512]
 INFO norm_debug: [encoder] layer=15 label=attention.q_linear | l2=2488.7661 rms=0.6076 mean=0.0203 mean_abs=0.4841 max_abs=3.2353 numel=16777216 shape=[512, 64, 512]
 INFO norm_debug: [encoder] layer=15 label=attention.k_linear | l2=2626.5110 rms=0.6412 mean=0.0005 mean_abs=0.5115 max_abs=3.3853 numel=16777216 shape=[512, 64, 512]
 INFO norm_debug: [encoder] layer=15 label=attention.v_linear | l2=2365.1338 rms=0.5774 mean=0.0101 mean_abs=0.4614 max_abs=3.2576 numel=16777216 shape=[512, 64, 512]
 INFO norm_debug: [encoder] layer=15 label=attention.q_heads | l2=2488.7661 rms=0.6076 mean=0.0203 mean_abs=0.4841 max_abs=3.2353 numel=16777216 shape=[512, 8, 64, 64]
 INFO norm_debug: [encoder] layer=15 label=attention.k_heads | l2=2626.5110 rms=0.6412 mean=0.0005 mean_abs=0.5115 max_abs=3.3853 numel=16777216 shape=[512, 8, 64, 64]
 INFO norm_debug: [encoder] layer=15 label=attention.v_heads | l2=2365.1338 rms=0.5774 mean=0.0101 mean_abs=0.4614 max_abs=3.2576 numel=16777216 shape=[512, 8, 64, 64]
 INFO norm_debug: [encoder] layer=15 label=attention.q_scaled | l2=311.0958 rms=0.0760 mean=0.0025 mean_abs=0.0605 max_abs=0.4044 numel=16777216 shape=[512, 8, 64, 64]
 INFO norm_debug: [encoder] layer=15 label=attention.attn_scores_base | l2=2166.7393 rms=0.5290 mean=-0.0647 mean_abs=0.4122 max_abs=6.3209 numel=16777216 shape=[512, 8, 64, 64]
 INFO norm_debug: [encoder] layer=15 label=attention.rel_scores | l2=168.0551 rms=0.0410 mean=-0.0001 mean_abs=0.0325 max_abs=0.2304 numel=16777216 shape=[512, 8, 64, 64]
 INFO norm_debug: [encoder] layer=15 label=attention.attn_scores_combined | l2=2173.8984 rms=0.5307 mean=-0.0648 mean_abs=0.4136 max_abs=6.5077 numel=16777216 shape=[512, 8, 64, 64]
 INFO norm_debug: [encoder] layer=15 label=attention.attn_weights | l2=71.2603 rms=0.0174 mean=0.0156 mean_abs=0.0156 max_abs=0.8565 numel=16777216 shape=[512, 8, 64, 64]
 INFO norm_debug: [encoder] layer=15 label=attention.context_v | l2=1427.2585 rms=0.3485 mean=0.0088 mean_abs=0.2741 max_abs=2.2292 numel=16777216 shape=[512, 8, 64, 64]
 INFO norm_debug: [encoder] layer=15 label=attention.context_rel_v | l2=39.1427 rms=0.0096 mean=-0.0001 mean_abs=0.0075 max_abs=0.1613 numel=16777216 shape=[512, 8, 64, 64]
 INFO norm_debug: [encoder] layer=15 label=attention.context | l2=1427.5052 rms=0.3485 mean=0.0087 mean_abs=0.2741 max_abs=2.2652 numel=16777216 shape=[512, 8, 64, 64]
 INFO norm_debug: [encoder] layer=15 label=attention.context_merged | l2=1427.5052 rms=0.3485 mean=0.0087 mean_abs=0.2741 max_abs=2.2652 numel=16777216 shape=[512, 64, 512]
 INFO norm_debug: [encoder] layer=15 label=attention.output | l2=837.3835 rms=0.2044 mean=-0.0020 mean_abs=0.1613 max_abs=1.1440 numel=16777216 shape=[512, 64, 512]
 INFO norm_debug: [encoder] layer=15 label=block.attn_out | l2=837.3835 rms=0.2044 mean=-0.0020 mean_abs=0.1613 max_abs=1.1440 numel=16777216 shape=[512, 64, 512]
 INFO norm_debug: [encoder] layer=15 label=block.post_attn | l2=4209.4395 rms=1.0277 mean=-0.0020 mean_abs=0.8214 max_abs=5.4641 numel=16777216 shape=[512, 64, 512]
 INFO norm_debug: [encoder] layer=15 label=block.norm2 | l2=4101.3647 rms=1.0013 mean=0.0000 mean_abs=0.8004 max_abs=5.4459 numel=16777216 shape=[512, 64, 512]
 INFO norm_debug: [encoder] layer=15 label=mlp.input | l2=4101.3647 rms=1.0013 mean=0.0000 mean_abs=0.8004 max_abs=5.4459 numel=16777216 shape=[512, 64, 512]
 INFO norm_debug: [encoder] layer=15 label=mlp.fc1_out | l2=4977.0322 rms=0.6075 mean=-0.0091 mean_abs=0.4841 max_abs=3.4277 numel=67108864 shape=[512, 64, 2048]
 INFO norm_debug: [encoder] layer=15 label=mlp.gelu | l2=2934.5886 rms=0.3582 mean=0.1212 mean_abs=0.2388 max_abs=3.4267 numel=67108864 shape=[512, 64, 2048]
 INFO norm_debug: [encoder] layer=15 label=mlp.fc2_out | l2=997.0068 rms=0.2434 mean=0.0050 mean_abs=0.1931 max_abs=1.3779 numel=16777216 shape=[512, 64, 512]
 INFO norm_debug: [encoder] layer=15 label=block.mlp_out | l2=997.0068 rms=0.2434 mean=0.0050 mean_abs=0.1931 max_abs=1.3779 numel=16777216 shape=[512, 64, 512]
 INFO norm_debug: [encoder] layer=15 label=block.output | l2=4096.7383 rms=1.0002 mean=0.0000 mean_abs=0.7999 max_abs=5.5235 numel=16777216 shape=[512, 64, 512]
 INFO norm_debug: [encoder] layer=15 label=encoder.post_block | l2=4096.7383 rms=1.0002 mean=0.0000 mean_abs=0.7999 max_abs=5.5235 numel=16777216 shape=[512, 64, 512]
 INFO norm_debug: -- layer 15 end --
 INFO norm_debug: [root] layer=- label=encoder.post_norm | l2=4096.0449 rms=1.0000 mean=0.0000 mean_abs=0.7997 max_abs=5.5191 numel=16777216 shape=[512, 64, 512]
 INFO norm_debug: stream -> policy
 INFO norm_debug: [policy] layer=- label=block.input | l2=4096.0449 rms=1.0000 mean=0.0000 mean_abs=0.7997 max_abs=5.5191 numel=16777216 shape=[512, 64, 512]
 INFO norm_debug: [policy] layer=- label=block.norm1 | l2=4096.8228 rms=1.0002 mean=-0.0000 mean_abs=0.7998 max_abs=5.5233 numel=16777216 shape=[512, 64, 512]
 INFO norm_debug: [policy] layer=- label=attention.input | l2=4096.8228 rms=1.0002 mean=-0.0000 mean_abs=0.7998 max_abs=5.5233 numel=16777216 shape=[512, 64, 512]
 INFO norm_debug: [policy] layer=- label=attention.q_linear | l2=2518.1008 rms=0.6148 mean=0.0022 mean_abs=0.4919 max_abs=3.3174 numel=16777216 shape=[512, 64, 512]
 INFO norm_debug: [policy] layer=- label=attention.k_linear | l2=2641.3030 rms=0.6448 mean=0.0082 mean_abs=0.5145 max_abs=3.7636 numel=16777216 shape=[512, 64, 512]
 INFO norm_debug: [policy] layer=- label=attention.v_linear | l2=2389.7461 rms=0.5834 mean=0.0154 mean_abs=0.4653 max_abs=3.0226 numel=16777216 shape=[512, 64, 512]
 INFO norm_debug: [policy] layer=- label=attention.q_heads | l2=2518.1008 rms=0.6148 mean=0.0022 mean_abs=0.4919 max_abs=3.3174 numel=16777216 shape=[512, 8, 64, 64]
 INFO norm_debug: [policy] layer=- label=attention.k_heads | l2=2641.3030 rms=0.6448 mean=0.0082 mean_abs=0.5145 max_abs=3.7636 numel=16777216 shape=[512, 8, 64, 64]
 INFO norm_debug: [policy] layer=- label=attention.v_heads | l2=2389.7461 rms=0.5834 mean=0.0154 mean_abs=0.4653 max_abs=3.0226 numel=16777216 shape=[512, 8, 64, 64]
 INFO norm_debug: [policy] layer=- label=attention.q_scaled | l2=314.7626 rms=0.0768 mean=0.0003 mean_abs=0.0615 max_abs=0.4147 numel=16777216 shape=[512, 8, 64, 64]
 INFO norm_debug: [policy] layer=- label=attention.attn_scores_base | l2=2397.9712 rms=0.5854 mean=0.0366 mean_abs=0.4504 max_abs=6.4166 numel=16777216 shape=[512, 8, 64, 64]
 INFO norm_debug: [policy] layer=- label=attention.rel_scores | l2=169.0522 rms=0.0413 mean=0.0009 mean_abs=0.0327 max_abs=0.2455 numel=16777216 shape=[512, 8, 64, 64]
 INFO norm_debug: [policy] layer=- label=attention.attn_scores_combined | l2=2405.4744 rms=0.5873 mean=0.0375 mean_abs=0.4521 max_abs=6.3906 numel=16777216 shape=[512, 8, 64, 64]
 INFO norm_debug: [policy] layer=- label=attention.attn_weights | l2=71.9890 rms=0.0176 mean=0.0156 mean_abs=0.0156 max_abs=0.5512 numel=16777216 shape=[512, 8, 64, 64]
 INFO norm_debug: [policy] layer=- label=attention.context_v | l2=1537.4805 rms=0.3754 mean=0.0137 mean_abs=0.2941 max_abs=2.2530 numel=16777216 shape=[512, 8, 64, 64]
 INFO norm_debug: [policy] layer=- label=attention.context_rel_v | l2=38.4051 rms=0.0094 mean=-0.0021 mean_abs=0.0075 max_abs=0.1011 numel=16777216 shape=[512, 8, 64, 64]
 INFO norm_debug: [policy] layer=- label=attention.context | l2=1538.4454 rms=0.3756 mean=0.0116 mean_abs=0.2943 max_abs=2.2776 numel=16777216 shape=[512, 8, 64, 64]
 INFO norm_debug: [policy] layer=- label=attention.context_merged | l2=1538.4454 rms=0.3756 mean=0.0116 mean_abs=0.2943 max_abs=2.2776 numel=16777216 shape=[512, 64, 512]
 INFO norm_debug: [policy] layer=- label=attention.output | l2=966.9065 rms=0.2361 mean=-0.0081 mean_abs=0.1851 max_abs=1.3074 numel=16777216 shape=[512, 64, 512]
 INFO norm_debug: [policy] layer=- label=block.attn_out | l2=966.9065 rms=0.2361 mean=-0.0081 mean_abs=0.1851 max_abs=1.3074 numel=16777216 shape=[512, 64, 512]
 INFO norm_debug: [policy] layer=- label=block.post_attn | l2=4245.4668 rms=1.0365 mean=-0.0080 mean_abs=0.8301 max_abs=5.3659 numel=16777216 shape=[512, 64, 512]
 INFO norm_debug: [policy] layer=- label=block.norm2 | l2=4102.0601 rms=1.0015 mean=-0.0000 mean_abs=0.8024 max_abs=5.2903 numel=16777216 shape=[512, 64, 512]
 INFO norm_debug: [policy] layer=- label=mlp.input | l2=4102.0601 rms=1.0015 mean=-0.0000 mean_abs=0.8024 max_abs=5.2903 numel=16777216 shape=[512, 64, 512]
 INFO norm_debug: [policy] layer=- label=mlp.fc1_out | l2=5007.5347 rms=0.6113 mean=-0.0168 mean_abs=0.4873 max_abs=3.3562 numel=67108864 shape=[512, 64, 2048]
 INFO norm_debug: [policy] layer=- label=mlp.gelu | l2=2929.4297 rms=0.3576 mean=0.1187 mean_abs=0.2381 max_abs=3.1707 numel=67108864 shape=[512, 64, 2048]
 INFO norm_debug: [policy] layer=- label=mlp.fc2_out | l2=1093.8181 rms=0.2670 mean=0.0001 mean_abs=0.2112 max_abs=1.4343 numel=16777216 shape=[512, 64, 512]
 INFO norm_debug: [policy] layer=- label=block.mlp_out | l2=1093.8181 rms=0.2670 mean=0.0001 mean_abs=0.2112 max_abs=1.4343 numel=16777216 shape=[512, 64, 512]
 INFO norm_debug: [policy] layer=- label=block.output | l2=4100.5483 rms=1.0011 mean=0.0000 mean_abs=0.8023 max_abs=5.0071 numel=16777216 shape=[512, 64, 512]
 INFO norm_debug: [policy] layer=- label=policy.tokens | l2=4100.5483 rms=1.0011 mean=0.0000 mean_abs=0.8023 max_abs=5.0071 numel=16777216 shape=[512, 64, 512]
 INFO norm_debug: [policy] layer=- label=policy.logits | l2=2144.0110 rms=1.3586 mean=0.2601 mean_abs=1.1235 max_abs=5.5427 numel=2490368 shape=[512, 64, 76]
 INFO norm_debug: stream -> value
 INFO norm_debug: [value] layer=- label=block.input | l2=4096.0449 rms=1.0000 mean=0.0000 mean_abs=0.7997 max_abs=5.5191 numel=16777216 shape=[512, 64, 512]
 INFO norm_debug: [value] layer=- label=block.norm1 | l2=4096.7461 rms=1.0002 mean=-0.0001 mean_abs=0.7998 max_abs=5.5196 numel=16777216 shape=[512, 64, 512]
 INFO norm_debug: [value] layer=- label=attention.input | l2=4096.7461 rms=1.0002 mean=-0.0001 mean_abs=0.7998 max_abs=5.5196 numel=16777216 shape=[512, 64, 512]
 INFO norm_debug: [value] layer=- label=attention.q_linear | l2=2388.0774 rms=0.5830 mean=0.0086 mean_abs=0.4654 max_abs=2.9336 numel=16777216 shape=[512, 64, 512]
 INFO norm_debug: [value] layer=- label=attention.k_linear | l2=2418.6514 rms=0.5905 mean=0.0005 mean_abs=0.4723 max_abs=2.9644 numel=16777216 shape=[512, 64, 512]
 INFO norm_debug: [value] layer=- label=attention.v_linear | l2=2395.2163 rms=0.5848 mean=-0.0063 mean_abs=0.4672 max_abs=3.0011 numel=16777216 shape=[512, 64, 512]
 INFO norm_debug: [value] layer=- label=attention.q_heads | l2=2388.0774 rms=0.5830 mean=0.0086 mean_abs=0.4654 max_abs=2.9336 numel=16777216 shape=[512, 8, 64, 64]
 INFO norm_debug: [value] layer=- label=attention.k_heads | l2=2418.6514 rms=0.5905 mean=0.0005 mean_abs=0.4723 max_abs=2.9644 numel=16777216 shape=[512, 8, 64, 64]
 INFO norm_debug: [value] layer=- label=attention.v_heads | l2=2395.2163 rms=0.5848 mean=-0.0063 mean_abs=0.4672 max_abs=3.0011 numel=16777216 shape=[512, 8, 64, 64]
 INFO norm_debug: [value] layer=- label=attention.q_scaled | l2=298.5097 rms=0.0729 mean=0.0011 mean_abs=0.0582 max_abs=0.3667 numel=16777216 shape=[512, 8, 64, 64]
 INFO norm_debug: [value] layer=- label=attention.attn_scores_base | l2=1610.4807 rms=0.3932 mean=0.0189 mean_abs=0.3117 max_abs=2.3547 numel=16777216 shape=[512, 8, 64, 64]
 INFO norm_debug: [value] layer=- label=attention.rel_scores | l2=157.7014 rms=0.0385 mean=0.0003 mean_abs=0.0306 max_abs=0.2298 numel=16777216 shape=[512, 8, 64, 64]
 INFO norm_debug: [value] layer=- label=attention.attn_scores_combined | l2=1617.6964 rms=0.3949 mean=0.0192 mean_abs=0.3131 max_abs=2.3705 numel=16777216 shape=[512, 8, 64, 64]
 INFO norm_debug: [value] layer=- label=attention.attn_weights | l2=67.3592 rms=0.0164 mean=0.0156 mean_abs=0.0156 max_abs=0.0941 numel=16777216 shape=[512, 8, 64, 64]
 INFO norm_debug: [value] layer=- label=attention.context_v | l2=1504.9879 rms=0.3674 mean=-0.0051 mean_abs=0.2895 max_abs=1.8841 numel=16777216 shape=[512, 8, 64, 64]
 INFO norm_debug: [value] layer=- label=attention.context_rel_v | l2=36.1049 rms=0.0088 mean=-0.0002 mean_abs=0.0071 max_abs=0.0410 numel=16777216 shape=[512, 8, 64, 64]
 INFO norm_debug: [value] layer=- label=attention.context | l2=1505.5665 rms=0.3676 mean=-0.0053 mean_abs=0.2896 max_abs=1.8925 numel=16777216 shape=[512, 8, 64, 64]
 INFO norm_debug: [value] layer=- label=attention.context_merged | l2=1505.5665 rms=0.3676 mean=-0.0053 mean_abs=0.2896 max_abs=1.8925 numel=16777216 shape=[512, 64, 512]
 INFO norm_debug: [value] layer=- label=attention.output | l2=903.2127 rms=0.2205 mean=-0.0004 mean_abs=0.1744 max_abs=1.3675 numel=16777216 shape=[512, 64, 512]
 INFO norm_debug: [value] layer=- label=block.attn_out | l2=903.2127 rms=0.2205 mean=-0.0004 mean_abs=0.1744 max_abs=1.3675 numel=16777216 shape=[512, 64, 512]
 INFO norm_debug: [value] layer=- label=block.post_attn | l2=4202.3892 rms=1.0260 mean=-0.0004 mean_abs=0.8205 max_abs=5.4825 numel=16777216 shape=[512, 64, 512]
 INFO norm_debug: [value] layer=- label=block.norm2 | l2=4098.2441 rms=1.0005 mean=0.0000 mean_abs=0.8003 max_abs=5.3533 numel=16777216 shape=[512, 64, 512]
 INFO norm_debug: [value] layer=- label=mlp.input | l2=4098.2441 rms=1.0005 mean=0.0000 mean_abs=0.8003 max_abs=5.3533 numel=16777216 shape=[512, 64, 512]
 INFO norm_debug: [value] layer=- label=mlp.fc1_out | l2=4812.7148 rms=0.5875 mean=-0.0052 mean_abs=0.4688 max_abs=3.4513 numel=67108864 shape=[512, 64, 2048]
 INFO norm_debug: [value] layer=- label=mlp.gelu | l2=2858.9243 rms=0.3490 mean=0.1161 mean_abs=0.2333 max_abs=3.4504 numel=67108864 shape=[512, 64, 2048]
 INFO norm_debug: [value] layer=- label=mlp.fc2_out | l2=1051.2921 rms=0.2567 mean=0.0050 mean_abs=0.2035 max_abs=1.2251 numel=16777216 shape=[512, 64, 512]
 INFO norm_debug: [value] layer=- label=block.mlp_out | l2=1051.2921 rms=0.2567 mean=0.0050 mean_abs=0.2035 max_abs=1.2251 numel=16777216 shape=[512, 64, 512]
 INFO norm_debug: [value] layer=- label=block.output | l2=4099.8252 rms=1.0009 mean=-0.0000 mean_abs=0.8013 max_abs=5.2118 numel=16777216 shape=[512, 64, 512]
 INFO norm_debug: [value] layer=- label=value.tokens | l2=4099.8252 rms=1.0009 mean=-0.0000 mean_abs=0.8013 max_abs=5.2118 numel=16777216 shape=[512, 64, 512]
 INFO norm_debug: [value] layer=- label=value.pool_fc1 | l2=2435.4612 rms=0.5946 mean=0.0101 mean_abs=0.4748 max_abs=3.1463 numel=16777216 shape=[512, 64, 512]
 INFO norm_debug: [value] layer=- label=value.pool_fc1_gelu | l2=1478.7977 rms=0.3610 mean=0.1264 mean_abs=0.2411 max_abs=3.1251 numel=16777216 shape=[512, 64, 512]
 INFO norm_debug: [value] layer=- label=value.attn_scores | l2=162.8490 rms=0.8996 mean=-0.0314 mean_abs=0.7283 max_abs=3.3795 numel=32768 shape=[512, 64, 1]
 INFO norm_debug: [value] layer=- label=value.attn_weights | l2=3.9965 rms=0.0221 mean=0.0156 mean_abs=0.0156 max_abs=0.2795 numel=32768 shape=[512, 64, 1]
 INFO norm_debug: [value] layer=- label=value.pooled_tokens | l2=359.1785 rms=0.7015 mean=-0.0000 mean_abs=0.5608 max_abs=3.1924 numel=262144 shape=[512, 512]
 INFO norm_debug: [value] layer=- label=value.concat_input | l2=360.3002 rms=0.6996 mean=0.0046 mean_abs=0.5589 max_abs=3.1924 numel=265216 shape=[512, 518]
 INFO norm_debug: [value] layer=- label=value.hidden | l2=159.7401 rms=0.3120 mean=0.0806 mean_abs=0.2044 max_abs=3.3198 numel=262144 shape=[512, 512]
 INFO norm_debug: [value] layer=- label=value.logits | l2=42.3613 rms=1.0809 mean=0.0338 mean_abs=0.9857 max_abs=2.6552 numel=1536 shape=[512, 3]
 INFO norm_debug: stream -> side_info
 INFO norm_debug: [side_info] layer=- label=side.mean_features | l2=317.5364 rms=0.6202 mean=0.0000 mean_abs=0.4886 max_abs=3.1842 numel=262144 shape=[512, 512]
 INFO norm_debug: [side_info] layer=- label=side.logits | l2=31.4455 rms=0.3854 mean=0.0239 mean_abs=0.3040 max_abs=1.6699 numel=6656 shape=[512, 13]
 INFO norm_debug: stream -> time
 INFO norm_debug: [time] layer=- label=block.input | l2=4096.0449 rms=1.0000 mean=0.0000 mean_abs=0.7997 max_abs=5.5191 numel=16777216 shape=[512, 64, 512]
 INFO norm_debug: [time] layer=- label=block.norm1 | l2=4095.9795 rms=1.0000 mean=-0.0000 mean_abs=0.7997 max_abs=5.5198 numel=16777216 shape=[512, 64, 512]
 INFO norm_debug: [time] layer=- label=attention.input | l2=4095.9795 rms=1.0000 mean=-0.0000 mean_abs=0.7997 max_abs=5.5198 numel=16777216 shape=[512, 64, 512]
 INFO norm_debug: [time] layer=- label=attention.q_linear | l2=2388.0833 rms=0.5830 mean=0.0103 mean_abs=0.4656 max_abs=2.9976 numel=16777216 shape=[512, 64, 512]
 INFO norm_debug: [time] layer=- label=attention.k_linear | l2=2327.0698 rms=0.5681 mean=0.0057 mean_abs=0.4526 max_abs=3.2237 numel=16777216 shape=[512, 64, 512]
 INFO norm_debug: [time] layer=- label=attention.v_linear | l2=2357.3154 rms=0.5755 mean=-0.0206 mean_abs=0.4596 max_abs=2.9762 numel=16777216 shape=[512, 64, 512]
 INFO norm_debug: [time] layer=- label=attention.q_heads | l2=2388.0833 rms=0.5830 mean=0.0103 mean_abs=0.4656 max_abs=2.9976 numel=16777216 shape=[512, 8, 64, 64]
 INFO norm_debug: [time] layer=- label=attention.k_heads | l2=2327.0698 rms=0.5681 mean=0.0057 mean_abs=0.4526 max_abs=3.2237 numel=16777216 shape=[512, 8, 64, 64]
 INFO norm_debug: [time] layer=- label=attention.v_heads | l2=2357.3154 rms=0.5755 mean=-0.0206 mean_abs=0.4596 max_abs=2.9762 numel=16777216 shape=[512, 8, 64, 64]
 INFO norm_debug: [time] layer=- label=attention.q_scaled | l2=298.5104 rms=0.0729 mean=0.0013 mean_abs=0.0582 max_abs=0.3747 numel=16777216 shape=[512, 8, 64, 64]
 INFO norm_debug: [time] layer=- label=attention.attn_scores_base | l2=1412.7643 rms=0.3449 mean=0.0369 mean_abs=0.2749 max_abs=1.7958 numel=16777216 shape=[512, 8, 64, 64]
 INFO norm_debug: [time] layer=- label=attention.rel_scores | l2=160.6373 rms=0.0392 mean=0.0004 mean_abs=0.0311 max_abs=0.2258 numel=16777216 shape=[512, 8, 64, 64]
 INFO norm_debug: [time] layer=- label=attention.attn_scores_combined | l2=1422.6837 rms=0.3473 mean=0.0373 mean_abs=0.2768 max_abs=1.8644 numel=16777216 shape=[512, 8, 64, 64]
 INFO norm_debug: [time] layer=- label=attention.attn_weights | l2=66.4371 rms=0.0162 mean=0.0156 mean_abs=0.0156 max_abs=0.0867 numel=16777216 shape=[512, 8, 64, 64]
 INFO norm_debug: [time] layer=- label=attention.context_v | l2=1492.5820 rms=0.3644 mean=-0.0204 mean_abs=0.2861 max_abs=1.8854 numel=16777216 shape=[512, 8, 64, 64]
 INFO norm_debug: [time] layer=- label=attention.context_rel_v | l2=38.4232 rms=0.0094 mean=-0.0008 mean_abs=0.0076 max_abs=0.0446 numel=16777216 shape=[512, 8, 64, 64]
 INFO norm_debug: [time] layer=- label=attention.context | l2=1493.9550 rms=0.3647 mean=-0.0212 mean_abs=0.2864 max_abs=1.8865 numel=16777216 shape=[512, 8, 64, 64]
 INFO norm_debug: [time] layer=- label=attention.context_merged | l2=1493.9548 rms=0.3647 mean=-0.0212 mean_abs=0.2864 max_abs=1.8865 numel=16777216 shape=[512, 64, 512]
 INFO norm_debug: [time] layer=- label=attention.output | l2=869.2414 rms=0.2122 mean=-0.0002 mean_abs=0.1665 max_abs=1.0996 numel=16777216 shape=[512, 64, 512]
 INFO norm_debug: [time] layer=- label=block.attn_out | l2=869.2414 rms=0.2122 mean=-0.0002 mean_abs=0.1665 max_abs=1.0996 numel=16777216 shape=[512, 64, 512]
 INFO norm_debug: [time] layer=- label=block.post_attn | l2=4213.0742 rms=1.0286 mean=-0.0002 mean_abs=0.8221 max_abs=5.5483 numel=16777216 shape=[512, 64, 512]
 INFO norm_debug: [time] layer=- label=block.norm2 | l2=4095.9805 rms=1.0000 mean=0.0000 mean_abs=0.7993 max_abs=5.5061 numel=16777216 shape=[512, 64, 512]
 INFO norm_debug: [time] layer=- label=mlp.input | l2=4095.9805 rms=1.0000 mean=0.0000 mean_abs=0.7993 max_abs=5.5061 numel=16777216 shape=[512, 64, 512]
 INFO norm_debug: [time] layer=- label=mlp.fc1_out | l2=4725.1768 rms=0.5768 mean=-0.0029 mean_abs=0.4609 max_abs=3.0845 numel=67108864 shape=[512, 64, 2048]
 INFO norm_debug: [time] layer=- label=mlp.gelu | l2=2792.2754 rms=0.3409 mean=0.1136 mean_abs=0.2296 max_abs=3.0814 numel=67108864 shape=[512, 64, 2048]
 INFO norm_debug: [time] layer=- label=mlp.fc2_out | l2=816.7542 rms=0.1994 mean=-0.0076 mean_abs=0.1587 max_abs=1.0292 numel=16777216 shape=[512, 64, 512]
 INFO norm_debug: [time] layer=- label=block.mlp_out | l2=816.7542 rms=0.1994 mean=-0.0076 mean_abs=0.1587 max_abs=1.0292 numel=16777216 shape=[512, 64, 512]
 INFO norm_debug: [time] layer=- label=block.output | l2=4095.9812 rms=1.0000 mean=0.0000 mean_abs=0.7992 max_abs=5.5593 numel=16777216 shape=[512, 64, 512]
 INFO norm_debug: [time] layer=- label=time.tokens | l2=4095.9812 rms=1.0000 mean=0.0000 mean_abs=0.7992 max_abs=5.5593 numel=16777216 shape=[512, 64, 512]
 INFO norm_debug: [time] layer=- label=time.pool_fc1 | l2=2371.6697 rms=0.5790 mean=-0.0002 mean_abs=0.4619 max_abs=2.8834 numel=16777216 shape=[512, 64, 512]
 INFO norm_debug: [time] layer=- label=time.pool_fc1_gelu | l2=1396.4457 rms=0.3409 mean=0.1157 mean_abs=0.2302 max_abs=2.8243 numel=16777216 shape=[512, 64, 512]
 INFO norm_debug: [time] layer=- label=time.attn_scores | l2=41.7933 rms=0.2309 mean=-0.1390 mean_abs=0.1927 max_abs=0.7991 numel=32768 shape=[512, 64, 1]
 INFO norm_debug: [time] layer=- label=time.attn_weights | l2=2.8681 rms=0.0158 mean=0.0156 mean_abs=0.0156 max_abs=0.0302 numel=32768 shape=[512, 64, 1]
 INFO norm_debug: [time] layer=- label=time.pooled_tokens | l2=326.6330 rms=0.6380 mean=-0.0000 mean_abs=0.5011 max_abs=3.2863 numel=262144 shape=[512, 512]
 INFO norm_debug: [time] layer=- label=time.concat_input | l2=327.8660 rms=0.6366 mean=0.0046 mean_abs=0.4999 max_abs=3.2863 numel=265216 shape=[512, 518]
 INFO norm_debug: [time] layer=- label=time.hidden | l2=103.7297 rms=0.2026 mean=0.0477 mean_abs=0.1438 max_abs=1.8930 numel=262144 shape=[512, 512]
 INFO norm_debug: [time] layer=- label=time.raw_logits | l2=4.8148 rms=0.1505 mean=0.0405 mean_abs=0.1229 max_abs=0.3811 numel=1024 shape=[512, 2]
 INFO norm_debug: [time] layer=- label=time.mean_raw | l2=4.3070 rms=0.1903 mean=0.1457 mean_abs=0.1687 max_abs=0.3811 numel=512 shape=[512, 1]
 INFO norm_debug: [time] layer=- label=time.concentration_raw | l2=2.1522 rms=0.0951 mean=-0.0646 mean_abs=0.0771 max_abs=0.3205 numel=512 shape=[512, 1]
 INFO norm_debug: [time] layer=- label=time.mean | l2=12.1534 rms=0.5371 mean=0.5362 mean_abs=0.5362 max_abs=0.5941 numel=512 shape=[512, 1]
 INFO norm_debug: [time] layer=- label=time.concentration | l2=60.2388 rms=2.6622 mean=2.6620 mean_abs=2.6620 max_abs=2.7831 numel=512 shape=[512, 1]
 INFO norm_debug: [time] layer=- label=time.alphas | l2=32.3632 rms=1.4303 mean=1.4277 mean_abs=1.4277 max_abs=1.6141 numel=512 shape=[512, 1]
 INFO norm_debug: [time] layer=- label=time.betas | l2=27.9872 rms=1.2369 mean=1.2343 mean_abs=1.2343 max_abs=1.4921 numel=512 shape=[512, 1]
 INFO norm_debug: [time] layer=- label=time.logits | l2=42.7862 rms=1.3371 mean=1.3310 mean_abs=1.3310 max_abs=1.6141 numel=1024 shape=[512, 2]
